timestamp,session_file,cwd,command,matched_pattern,surrounding_text,id,package_version,client,db,success,exit_code,result_status,empty_result,result_size,duration_total_ms,duration_load_ms,duration_query_ms,target_raw,start_raw
2026-08-21T11:12:35.411Z,cursor:6aa2fc6d-927b-4243-8132-a77607674de9,/Users/1noryzzz/Odoo,odoo-graph impact ifs.gar.loan.account.bill.repayment_date --db ysb-dev --max-depth 2 -f human,telemetry sqlite,"status=success_non_empty; exit_code=0; load_ms=1151; query_ms=0; total_ms=1217; result_size=9; summary={""impacted_count"":9}",28,1.8.0,cursor,ysb-dev,1,0,success_non_empty,0,9,1217,1151,0,ifs.gar.loan.account.bill.repayment_date,
2026-08-21T11:12:36.702Z,cursor:6aa2fc6d-927b-4243-8132-a77607674de9,/Users/1noryzzz/Odoo,odoo-graph field ifs.gar.loan.account.bill.repayment_date --db ysb-dev -f human,telemetry sqlite,"status=success_non_empty; exit_code=0; load_ms=1090; query_ms=0; total_ms=1150; result_size=2; summary={""downstream_count"":2,""primary_count_name"":""downstream_count"",""upstream_count"":0}",29,1.8.0,cursor,ysb-dev,1,0,success_non_empty,0,2,1150,1090,0,ifs.gar.loan.account.bill.repayment_date,
2026-08-25T03:31:02.036Z,01a01442-7edd-7423-9376-db4e347ab37a,/Users/1noryzzz/Odoo-unified-production,odoo-graph dump -c odoo.conf -d unified-production-dev --odoo-path /Users/1noryzzz/Odoo-unified-production,telemetry sqlite,"status=success_non_empty; exit_code=0; load_ms=None; query_ms=4073; total_ms=4073; result_size=15136; summary={""fields_count"":14576,""models_count"":560,""resolved_count"":8674,""unresolved_count"":38}",30,1.8.0,codex,unified-production-dev,1,0,success_non_empty,0,15136,4073,,4073,,
2026-08-25T03:48:54.936Z,01a01442-7edd-7423-9376-db4e347ab37a,/Users/1noryzzz/Odoo-unified-production,odoo-graph dump -c odoo.conf -d unified-production-dev --odoo-path /Users/1noryzzz/Odoo-unified-production,telemetry sqlite,"status=success_non_empty; exit_code=0; load_ms=None; query_ms=3261; total_ms=3262; result_size=15303; summary={""fields_count"":14738,""models_count"":565,""resolved_count"":8711,""unresolved_count"":38}",31,1.8.0,codex,unified-production-dev,1,0,success_non_empty,0,15303,3262,,3261,,
2026-08-25T04:00:40.098Z,01a01442-7edd-7423-9376-db4e347ab37a,/Users/1noryzzz/Odoo-unified-production,odoo-graph dump -c odoo.conf -d unified-production-dev --odoo-path /Users/1noryzzz/Odoo-unified-production,telemetry sqlite,"status=success_non_empty; exit_code=0; load_ms=None; query_ms=3330; total_ms=3331; result_size=15303; summary={""fields_count"":14738,""models_count"":565,""resolved_count"":8711,""unresolved_count"":38}",32,1.8.0,codex,unified-production-dev,1,0,success_non_empty,0,15303,3331,,3330,,
2026-08-27T02:10:37.737Z,01a03bd1-5d20-7e70-88ad-01156a86a754,/Users/1noryzzz/Odoo-unified-production,odoo-graph dump -c odoo.conf -d unified-production-m2 --odoo-path .,telemetry sqlite,"status=success_non_empty; exit_code=0; load_ms=None; query_ms=4419; total_ms=4420; result_size=15303; summary={""fields_count"":14738,""models_count"":565,""resolved_count"":8711,""unresolved_count"":38}",33,1.8.0,codex,unified-production-m2,1,0,success_non_empty,0,15303,4420,,4419,,
2026-08-27T02:33:14.291Z,01a03bd1-5d20-7e70-88ad-01156a86a754,/Users/1noryzzz/Odoo-unified-production,odoo-graph dump -c odoo.conf -d unified-production-m2,telemetry sqlite,status=dump_error; exit_code=1; load_ms=None; query_ms=0; total_ms=0; result_size=None,34,1.8.0,codex,unified-production-m2,0,1,dump_error,0,,0,,0,,
2026-08-27T02:33:22.164Z,01a03bd1-5d20-7e70-88ad-01156a86a754,/Users/1noryzzz/Odoo-unified-production,odoo-graph dump -c odoo.conf -d unified-production-m2 --odoo-path .,telemetry sqlite,"status=success_non_empty; exit_code=0; load_ms=None; query_ms=3052; total_ms=3052; result_size=15307; summary={""fields_count"":14740,""models_count"":567,""resolved_count"":8711,""unresolved_count"":38}",35,1.8.0,codex,unified-production-m2,1,0,success_non_empty,0,15307,3052,,3052,,
2026-08-27T03:00:11.456Z,01a04125-cabd-72f3-bc4a-04103658c848,/Users/1noryzzz/Odoo-unified-production,odoo-graph dump -c odoo.conf -d unified-production-m2 --odoo-path ./odoo-17.0,telemetry sqlite,status=dump_error; exit_code=1; load_ms=None; query_ms=0; total_ms=0; result_size=None,36,1.8.0,codex,unified-production-m2,0,1,dump_error,0,,0,,0,,
2026-08-27T03:00:20.893Z,01a04125-cabd-72f3-bc4a-04103658c848,/Users/1noryzzz/Odoo-unified-production,odoo-graph dump -c odoo.conf -d unified-production-m2 --odoo-path ./odoo,telemetry sqlite,status=dump_error; exit_code=1; load_ms=None; query_ms=0; total_ms=0; result_size=None,37,1.8.0,codex,unified-production-m2,0,1,dump_error,0,,0,,0,,
2026-08-27T03:00:31.626Z,01a04125-cabd-72f3-bc4a-04103658c848,/Users/1noryzzz/Odoo-unified-production,odoo-graph dump -c odoo.conf -d unified-production-m2 --odoo-path .,telemetry sqlite,"status=success_non_empty; exit_code=0; load_ms=None; query_ms=4260; total_ms=4260; result_size=15307; summary={""fields_count"":14740,""models_count"":567,""resolved_count"":8711,""unresolved_count"":38}",38,1.8.0,codex,unified-production-m2,1,0,success_non_empty,0,15307,4260,,4260,,
2026-08-28T13:45:41.210Z,01a0488f-f8e8-76a3-8b2d-de581e1583f9,/Users/1noryzzz/Odoo-unified-production,odoo-graph dump -c odoo.conf -d unified-production-m2 --odoo-path .,telemetry sqlite,"status=success_non_empty; exit_code=0; load_ms=None; query_ms=4916; total_ms=4917; result_size=15308; summary={""fields_count"":14740,""models_count"":568,""resolved_count"":8711,""unresolved_count"":38}",39,1.8.0,codex,unified-production-m2,1,0,success_non_empty,0,15308,4917,,4916,,
2026-08-28T16:02:05.168Z,cursor:d9ef82fb-7c77-4706-8d56-d31e83d9410b,/Users/1noryzzz/Odoo-unified-production,odoo-graph dump -c odoo.conf -d unified-production-m3-20260828 --odoo-path . -f human,telemetry sqlite,"status=success_non_empty; exit_code=0; load_ms=None; query_ms=3777; total_ms=3777; result_size=15315; summary={""fields_count"":14747,""models_count"":568,""resolved_count"":8717,""unresolved_count"":38}",40,1.8.0,cursor,unified-production-m3-20260828,1,0,success_non_empty,0,15315,3777,,3777,,
2026-08-28T16:03:17.822Z,cursor:d9ef82fb-7c77-4706-8d56-d31e83d9410b,/Users/1noryzzz/Odoo-unified-production,odoo-graph module ifs_financial_product_entry --db unified-production-m3-20260828 -f human,telemetry sqlite,"status=success_non_empty; exit_code=0; load_ms=1061; query_ms=0; total_ms=1121; result_size=12; summary={""extended_fields_count"":0,""extended_models_count"":3,""original_fields_count"":9,""original_models_count"":0}",41,1.8.0,cursor,unified-production-m3-20260828,1,0,success_non_empty,0,12,1121,1061,0,ifs_financial_product_entry,
2026-08-28T16:03:19.374Z,cursor:d9ef82fb-7c77-4706-8d56-d31e83d9410b,/Users/1noryzzz/Odoo-unified-production,odoo-graph overrides ifs.gar.entry.merchant.confirm_merchant --db unified-production-m3-20260828 -f human,telemetry sqlite,"status=success_non_empty; exit_code=0; load_ms=1022; query_ms=0; total_ms=1086; result_size=3; summary={""defined_in_classes_count"":3,""override_depth"":3}",42,1.8.0,cursor,unified-production-m3-20260828,1,0,success_non_empty,0,3,1086,1022,0,ifs.gar.entry.merchant.confirm_merchant,
2026-08-28T16:03:20.900Z,cursor:d9ef82fb-7c77-4706-8d56-d31e83d9410b,/Users/1noryzzz/Odoo-unified-production,odoo-graph overrides ifs.gar.review.merchant.route.wizard.action_confirm --db unified-production-m3-20260828 -f human,telemetry sqlite,"status=success_non_empty; exit_code=0; load_ms=1067; query_ms=0; total_ms=1135; result_size=2; summary={""defined_in_classes_count"":2,""override_depth"":2}",43,1.8.0,cursor,unified-production-m3-20260828,1,0,success_non_empty,0,2,1135,1067,0,ifs.gar.review.merchant.route.wizard.action_confirm,
2026-08-28T16:03:22.459Z,cursor:d9ef82fb-7c77-4706-8d56-d31e83d9410b,/Users/1noryzzz/Odoo-unified-production,odoo-graph overrides ifs.gar.review.merchant.funder.approve.wizard.action_confirm --db unified-production-m3-20260828 -f human,telemetry sqlite,"status=success_non_empty; exit_code=0; load_ms=1038; query_ms=0; total_ms=1108; result_size=2; summary={""defined_in_classes_count"":2,""override_depth"":2}",44,1.8.0,cursor,unified-production-m3-20260828,1,0,success_non_empty,0,2,1108,1038,0,ifs.gar.review.merchant.funder.approve.wizard.action_confirm,
2026-08-28T16:03:24.006Z,cursor:d9ef82fb-7c77-4706-8d56-d31e83d9410b,/Users/1noryzzz/Odoo-unified-production,odoo-graph overrides ifs.gar.entry.merchant._ensure_loan_and_sub_accounts_for_confirmed_merchant --db unified-production-m3-20260828 -f human,telemetry sqlite,"status=success_non_empty; exit_code=0; load_ms=1093; query_ms=0; total_ms=1161; result_size=2; summary={""defined_in_classes_count"":2,""override_depth"":2}",45,1.8.0,cursor,unified-production-m3-20260828,1,0,success_non_empty,0,2,1161,1093,0,ifs.gar.entry.merchant._ensure_loan_and_sub_accounts_for_confirmed_merchant,
2026-08-28T16:03:25.628Z,cursor:d9ef82fb-7c77-4706-8d56-d31e83d9410b,/Users/1noryzzz/Odoo-unified-production,odoo-graph overrides ifs.gar.entry.merchant._lock_product_plan_version_after_factor_route --db unified-production-m3-20260828 -f human,telemetry sqlite,"status=success_non_empty; exit_code=0; load_ms=1102; query_ms=0; total_ms=1168; result_size=2; summary={""defined_in_classes_count"":2,""override_depth"":2}",46,1.8.0,cursor,unified-production-m3-20260828,1,0,success_non_empty,0,2,1168,1102,0,ifs.gar.entry.merchant._lock_product_plan_version_after_factor_route,
2026-08-28T16:03:27.252Z,cursor:d9ef82fb-7c77-4706-8d56-d31e83d9410b,/Users/1noryzzz/Odoo-unified-production,odoo-graph overrides ifs.gar.entry.merchant._revalidate_locked_product_plan_version_for_funder_approval --db unified-production-m3-20260828 -f human,telemetry sqlite,"status=success_non_empty; exit_code=0; load_ms=1142; query_ms=0; total_ms=1210; result_size=2; summary={""defined_in_classes_count"":2,""override_depth"":2}",47,1.8.0,cursor,unified-production-m3-20260828,1,0,success_non_empty,0,2,1210,1142,0,ifs.gar.entry.merchant._revalidate_locked_product_plan_version_for_funder_approval,
2026-08-28T16:03:28.921Z,cursor:d9ef82fb-7c77-4706-8d56-d31e83d9410b,/Users/1noryzzz/Odoo-unified-production,odoo-graph field ifs.gar.entry.merchant.product_plan_version_id --db unified-production-m3-20260828 -f human,telemetry sqlite,"status=success_non_empty; exit_code=0; load_ms=1172; query_ms=0; total_ms=1236; result_size=1; summary={""downstream_count"":1,""primary_count_name"":""downstream_count"",""upstream_count"":0}",48,1.8.0,cursor,unified-production-m3-20260828,1,0,success_non_empty,0,1,1236,1172,0,ifs.gar.entry.merchant.product_plan_version_id,
2026-08-28T16:03:30.615Z,cursor:d9ef82fb-7c77-4706-8d56-d31e83d9410b,/Users/1noryzzz/Odoo-unified-production,odoo-graph field ifs.gar.loan.account.credit_partition_mode --db unified-production-m3-20260828 -f human,telemetry sqlite,"status=success_empty; exit_code=0; load_ms=1090; query_ms=0; total_ms=1160; result_size=0; summary={""downstream_count"":0,""primary_count_name"":""downstream_count"",""upstream_count"":0}",49,1.8.0,cursor,unified-production-m3-20260828,1,0,success_empty,1,0,1160,1090,0,ifs.gar.loan.account.credit_partition_mode,
2026-08-28T16:03:32.225Z,cursor:d9ef82fb-7c77-4706-8d56-d31e83d9410b,/Users/1noryzzz/Odoo-unified-production,odoo-graph field ifs.gar.review.merchant.route.wizard.product_plan_version_id --db unified-production-m3-20260828 -f human,telemetry sqlite,"status=success_empty; exit_code=0; load_ms=1066; query_ms=0; total_ms=1130; result_size=0; summary={""downstream_count"":0,""primary_count_name"":""downstream_count"",""upstream_count"":0}",50,1.8.0,cursor,unified-production-m3-20260828,1,0,success_empty,1,0,1130,1066,0,ifs.gar.review.merchant.route.wizard.product_plan_version_id,
2026-08-29T08:07:24.617Z,01a0488f-f8e8-76a3-8b2d-de581e1583f9,/Users/1noryzzz/Odoo-unified-production,odoo-graph dump -c odoo.conf -d unified-production-m3-20260828 --odoo-path .,telemetry sqlite,"status=success_non_empty; exit_code=0; load_ms=None; query_ms=3976; total_ms=3977; result_size=15321; summary={""fields_count"":14752,""models_count"":569,""resolved_count"":8722,""unresolved_count"":38}",51,1.8.0,codex,unified-production-m3-20260828,1,0,success_non_empty,0,15321,3977,,3976,,
2026-08-29T08:10:24.361Z,cursor:820a553e-d3a7-4530-a071-6edd41bcc49e,/Users/1noryzzz/Odoo-unified-production,odoo-graph field ifs.gar.review.merchant.approve.wizard.credit_term --db unified-production-m3-20260828 -f json,telemetry sqlite,"status=success_non_empty; exit_code=0; load_ms=1094; query_ms=0; total_ms=1155; result_size=1; summary={""downstream_count"":0,""primary_count_name"":""downstream_count"",""upstream_count"":1}",52,1.8.0,cursor,unified-production-m3-20260828,1,0,success_non_empty,0,1,1155,1094,0,ifs.gar.review.merchant.approve.wizard.credit_term,
2026-08-29T08:10:25.952Z,cursor:820a553e-d3a7-4530-a071-6edd41bcc49e,/Users/1noryzzz/Odoo-unified-production,odoo-graph field ifs.gar.review.merchant.approve.wizard.repay_day --db unified-production-m3-20260828 -f human,telemetry sqlite,"status=success_non_empty; exit_code=0; load_ms=1036; query_ms=0; total_ms=1108; result_size=1; summary={""downstream_count"":0,""primary_count_name"":""downstream_count"",""upstream_count"":1}",53,1.8.0,cursor,unified-production-m3-20260828,1,0,success_non_empty,0,1,1108,1036,0,ifs.gar.review.merchant.approve.wizard.repay_day,
2026-08-29T08:10:27.531Z,cursor:820a553e-d3a7-4530-a071-6edd41bcc49e,/Users/1noryzzz/Odoo-unified-production,odoo-graph overrides ifs.gar.review.merchant.approve.wizard.action_confirm --db unified-production-m3-20260828 -f human,telemetry sqlite,"status=success_non_empty; exit_code=0; load_ms=1184; query_ms=0; total_ms=1249; result_size=3; summary={""defined_in_classes_count"":3,""override_depth"":3}",54,1.8.0,cursor,unified-production-m3-20260828,1,0,success_non_empty,0,3,1249,1184,0,ifs.gar.review.merchant.approve.wizard.action_confirm,
2026-08-29T08:10:29.222Z,cursor:820a553e-d3a7-4530-a071-6edd41bcc49e,/Users/1noryzzz/Odoo-unified-production,odoo-graph overrides ifs.gar.entry.merchant.confirm_merchant --db unified-production-m3-20260828 -f human,telemetry sqlite,"status=success_non_empty; exit_code=0; load_ms=1052; query_ms=0; total_ms=1120; result_size=4; summary={""defined_in_classes_count"":4,""override_depth"":4}",55,1.8.0,cursor,unified-production-m3-20260828,1,0,success_non_empty,0,4,1120,1052,0,ifs.gar.entry.merchant.confirm_merchant,
2026-08-29T08:10:30.752Z,cursor:820a553e-d3a7-4530-a071-6edd41bcc49e,/Users/1noryzzz/Odoo-unified-production,odoo-graph overrides ifs.gar.entry.merchant._revalidate_locked_product_plan_version_for_supplier_approval --db unified-production-m3-20260828 -f human,telemetry sqlite,"status=success_non_empty; exit_code=0; load_ms=989; query_ms=0; total_ms=1050; result_size=2; summary={""defined_in_classes_count"":2,""override_depth"":2}",56,1.8.0,cursor,unified-production-m3-20260828,1,0,success_non_empty,0,2,1050,989,0,ifs.gar.entry.merchant._revalidate_locked_product_plan_version_for_supplier_approval,
2026-08-29T08:11:17.733Z,cursor:820a553e-d3a7-4530-a071-6edd41bcc49e,/Users/1noryzzz/Odoo-unified-production,odoo-graph field ifs.gar.review.merchant.approve.wizard.product_plan_version_id --db unified-production-m3-20260828 -f human,telemetry sqlite,"status=success_non_empty; exit_code=0; load_ms=1244; query_ms=0; total_ms=1312; result_size=1; summary={""downstream_count"":0,""primary_count_name"":""downstream_count"",""upstream_count"":1}",57,1.8.0,cursor,unified-production-m3-20260828,1,0,success_non_empty,0,1,1312,1244,0,ifs.gar.review.merchant.approve.wizard.product_plan_version_id,
2026-08-29T08:11:19.512Z,cursor:820a553e-d3a7-4530-a071-6edd41bcc49e,/Users/1noryzzz/Odoo-unified-production,odoo-graph field ifs.gar.review.merchant.approve.wizard.term_days --db unified-production-m3-20260828 -f human,telemetry sqlite,"status=success_non_empty; exit_code=0; load_ms=1114; query_ms=0; total_ms=1185; result_size=1; summary={""downstream_count"":0,""primary_count_name"":""downstream_count"",""upstream_count"":1}",58,1.8.0,cursor,unified-production-m3-20260828,1,0,success_non_empty,0,1,1185,1114,0,ifs.gar.review.merchant.approve.wizard.term_days,
2026-08-29T08:11:21.141Z,cursor:820a553e-d3a7-4530-a071-6edd41bcc49e,/Users/1noryzzz/Odoo-unified-production,odoo-graph field ifs.gar.review.merchant.funder.approve.wizard.credit_term --db unified-production-m3-20260828 -f human,telemetry sqlite,"status=success_non_empty; exit_code=0; load_ms=1083; query_ms=0; total_ms=1149; result_size=1; summary={""downstream_count"":0,""primary_count_name"":""downstream_count"",""upstream_count"":1}",59,1.8.0,cursor,unified-production-m3-20260828,1,0,success_non_empty,0,1,1149,1083,0,ifs.gar.review.merchant.funder.approve.wizard.credit_term,
2026-08-29T08:11:22.731Z,cursor:820a553e-d3a7-4530-a071-6edd41bcc49e,/Users/1noryzzz/Odoo-unified-production,odoo-graph field ifs.gar.review.merchant.funder.approve.wizard.repay_day --db unified-production-m3-20260828 -f human,telemetry sqlite,"status=success_non_empty; exit_code=0; load_ms=990; query_ms=0; total_ms=1049; result_size=1; summary={""downstream_count"":0,""primary_count_name"":""downstream_count"",""upstream_count"":1}",60,1.8.0,cursor,unified-production-m3-20260828,1,0,success_non_empty,0,1,1049,990,0,ifs.gar.review.merchant.funder.approve.wizard.repay_day,
2026-08-29T08:11:24.192Z,cursor:820a553e-d3a7-4530-a071-6edd41bcc49e,/Users/1noryzzz/Odoo-unified-production,odoo-graph field ifs.gar.review.merchant.funder.approve.wizard.product_plan_version_id --db unified-production-m3-20260828 -f human,telemetry sqlite,"status=success_non_empty; exit_code=0; load_ms=1037; query_ms=0; total_ms=1108; result_size=1; summary={""downstream_count"":0,""primary_count_name"":""downstream_count"",""upstream_count"":1}",61,1.8.0,cursor,unified-production-m3-20260828,1,0,success_non_empty,0,1,1108,1037,0,ifs.gar.review.merchant.funder.approve.wizard.product_plan_version_id,
2026-08-29T08:11:25.754Z,cursor:820a553e-d3a7-4530-a071-6edd41bcc49e,/Users/1noryzzz/Odoo-unified-production,odoo-graph field ifs.gar.review.merchant.funder.approve.wizard.term_days --db unified-production-m3-20260828 -f human,telemetry sqlite,"status=success_non_empty; exit_code=0; load_ms=1120; query_ms=0; total_ms=1185; result_size=1; summary={""downstream_count"":0,""primary_count_name"":""downstream_count"",""upstream_count"":1}",62,1.8.0,cursor,unified-production-m3-20260828,1,0,success_non_empty,0,1,1185,1120,0,ifs.gar.review.merchant.funder.approve.wizard.term_days,
2026-08-29T08:11:27.387Z,cursor:820a553e-d3a7-4530-a071-6edd41bcc49e,/Users/1noryzzz/Odoo-unified-production,odoo-graph overrides ifs.gar.review.merchant.approve.wizard.create --db unified-production-m3-20260828 -f human,telemetry sqlite,"status=success_non_empty; exit_code=0; load_ms=1088; query_ms=0; total_ms=1151; result_size=2; summary={""defined_in_classes_count"":2,""override_depth"":2}",63,1.8.0,cursor,unified-production-m3-20260828,1,0,success_non_empty,0,2,1151,1088,0,ifs.gar.review.merchant.approve.wizard.create,
2026-08-29T08:11:28.959Z,cursor:820a553e-d3a7-4530-a071-6edd41bcc49e,/Users/1noryzzz/Odoo-unified-production,odoo-graph overrides ifs.gar.review.merchant.approve.wizard.write --db unified-production-m3-20260828 -f human,telemetry sqlite,"status=success_non_empty; exit_code=0; load_ms=1003; query_ms=0; total_ms=1063; result_size=2; summary={""defined_in_classes_count"":2,""override_depth"":2}",64,1.8.0,cursor,unified-production-m3-20260828,1,0,success_non_empty,0,2,1063,1003,0,ifs.gar.review.merchant.approve.wizard.write,
2026-08-29T08:11:30.469Z,cursor:820a553e-d3a7-4530-a071-6edd41bcc49e,/Users/1noryzzz/Odoo-unified-production,odoo-graph overrides ifs.gar.review.merchant.funder.approve.wizard.create --db unified-production-m3-20260828 -f human,telemetry sqlite,"status=success_non_empty; exit_code=0; load_ms=1097; query_ms=0; total_ms=1161; result_size=2; summary={""defined_in_classes_count"":2,""override_depth"":2}",65,1.8.0,cursor,unified-production-m3-20260828,1,0,success_non_empty,0,2,1161,1097,0,ifs.gar.review.merchant.funder.approve.wizard.create,
2026-08-29T08:11:32.088Z,cursor:820a553e-d3a7-4530-a071-6edd41bcc49e,/Users/1noryzzz/Odoo-unified-production,odoo-graph overrides ifs.gar.review.merchant.funder.approve.wizard.write --db unified-production-m3-20260828 -f human,telemetry sqlite,"status=success_non_empty; exit_code=0; load_ms=1028; query_ms=0; total_ms=1089; result_size=2; summary={""defined_in_classes_count"":2,""override_depth"":2}",66,1.8.0,cursor,unified-production-m3-20260828,1,0,success_non_empty,0,2,1089,1028,0,ifs.gar.review.merchant.funder.approve.wizard.write,
2026-08-29T08:11:33.596Z,cursor:820a553e-d3a7-4530-a071-6edd41bcc49e,/Users/1noryzzz/Odoo-unified-production,odoo-graph overrides ifs.gar.review.merchant.funder.approve.wizard.action_confirm --db unified-production-m3-20260828 -f human,telemetry sqlite,"status=success_non_empty; exit_code=0; load_ms=1006; query_ms=0; total_ms=1066; result_size=2; summary={""defined_in_classes_count"":2,""override_depth"":2}",67,1.8.0,cursor,unified-production-m3-20260828,1,0,success_non_empty,0,2,1066,1006,0,ifs.gar.review.merchant.funder.approve.wizard.action_confirm,
2026-08-29T08:11:35.094Z,cursor:820a553e-d3a7-4530-a071-6edd41bcc49e,/Users/1noryzzz/Odoo-unified-production,odoo-graph model ifs.gar.review.merchant.approve.wizard --db unified-production-m3-20260828 -f human,telemetry sqlite,"status=success_non_empty; exit_code=0; load_ms=1098; query_ms=0; total_ms=1163; result_size=23; summary={""delegation_chain_count"":0,""extended_by_modules_count"":2,""fields_by_module_count"":2}",68,1.8.0,cursor,unified-production-m3-20260828,1,0,success_non_empty,0,23,1163,1098,0,ifs.gar.review.merchant.approve.wizard,
2026-08-29T08:11:36.690Z,cursor:820a553e-d3a7-4530-a071-6edd41bcc49e,/Users/1noryzzz/Odoo-unified-production,odoo-graph module ifs_financial_product_entry --db unified-production-m3-20260828 -f human,telemetry sqlite,"status=success_non_empty; exit_code=0; load_ms=994; query_ms=0; total_ms=1054; result_size=23; summary={""extended_fields_count"":0,""extended_models_count"":6,""original_fields_count"":16,""original_models_count"":1}",69,1.8.0,cursor,unified-production-m3-20260828,1,0,success_non_empty,0,23,1054,994,0,ifs_financial_product_entry,
2026-08-29T10:12:40.542Z,cursor:ab55d1c3-9ceb-4eca-9f01-f94400538c56,/Users/1noryzzz/Odoo-unified-production,odoo-graph dump -c odoo.conf -d unified-production-m3-20260828 --odoo-path /Users/1noryzzz/Odoo-unified-production,telemetry sqlite,"status=success_non_empty; exit_code=0; load_ms=None; query_ms=3330; total_ms=3331; result_size=15321; summary={""fields_count"":14752,""models_count"":569,""resolved_count"":8722,""unresolved_count"":38}",70,1.8.0,cursor,unified-production-m3-20260828,1,0,success_non_empty,0,15321,3331,,3330,,
2026-08-29T10:12:52.815Z,cursor:ab55d1c3-9ceb-4eca-9f01-f94400538c56,/Users/1noryzzz/Odoo-unified-production,odoo-graph overrides ifs.gar.review.merchant.route.wizard.action_confirm --db unified-production-m3-20260828 -f human,telemetry sqlite,"status=success_non_empty; exit_code=0; load_ms=1114; query_ms=0; total_ms=1184; result_size=2; summary={""defined_in_classes_count"":2,""override_depth"":2}",71,1.8.0,cursor,unified-production-m3-20260828,1,0,success_non_empty,0,2,1184,1114,0,ifs.gar.review.merchant.route.wizard.action_confirm,
2026-08-29T10:12:54.463Z,cursor:ab55d1c3-9ceb-4eca-9f01-f94400538c56,/Users/1noryzzz/Odoo-unified-production,odoo-graph overrides ifs.gar.review.merchant.funder.approve.wizard.action_confirm --db unified-production-m3-20260828 -f human,telemetry sqlite,"status=success_non_empty; exit_code=0; load_ms=1109; query_ms=0; total_ms=1176; result_size=2; summary={""defined_in_classes_count"":2,""override_depth"":2}",72,1.8.0,cursor,unified-production-m3-20260828,1,0,success_non_empty,0,2,1176,1109,0,ifs.gar.review.merchant.funder.approve.wizard.action_confirm,
2026-08-29T10:12:56.086Z,cursor:ab55d1c3-9ceb-4eca-9f01-f94400538c56,/Users/1noryzzz/Odoo-unified-production,odoo-graph overrides ifs.gar.review.merchant.approve.wizard.action_confirm --db unified-production-m3-20260828 -f human,telemetry sqlite,"status=success_non_empty; exit_code=0; load_ms=1094; query_ms=0; total_ms=1156; result_size=3; summary={""defined_in_classes_count"":3,""override_depth"":3}",73,1.8.0,cursor,unified-production-m3-20260828,1,0,success_non_empty,0,3,1156,1094,0,ifs.gar.review.merchant.approve.wizard.action_confirm,
2026-08-29T10:12:57.680Z,cursor:ab55d1c3-9ceb-4eca-9f01-f94400538c56,/Users/1noryzzz/Odoo-unified-production,odoo-graph overrides ifs.gar.entry.merchant.confirm_merchant --db unified-production-m3-20260828 -f human,telemetry sqlite,"status=success_non_empty; exit_code=0; load_ms=1039; query_ms=0; total_ms=1107; result_size=4; summary={""defined_in_classes_count"":4,""override_depth"":4}",74,1.8.0,cursor,unified-production-m3-20260828,1,0,success_non_empty,0,4,1107,1039,0,ifs.gar.entry.merchant.confirm_merchant,
2026-08-29T10:12:59.220Z,cursor:ab55d1c3-9ceb-4eca-9f01-f94400538c56,/Users/1noryzzz/Odoo-unified-production,odoo-graph overrides ifs.gar.entry.merchant._revalidate_locked_product_plan_version_for_supplier_approval --db unified-production-m3-20260828 -f human,telemetry sqlite,"status=success_non_empty; exit_code=0; load_ms=1012; query_ms=0; total_ms=1071; result_size=2; summary={""defined_in_classes_count"":2,""override_depth"":2}",75,1.8.0,cursor,unified-production-m3-20260828,1,0,success_non_empty,0,2,1071,1012,0,ifs.gar.entry.merchant._revalidate_locked_product_plan_version_for_supplier_approval,
2026-08-29T10:13:00.730Z,cursor:ab55d1c3-9ceb-4eca-9f01-f94400538c56,/Users/1noryzzz/Odoo-unified-production,odoo-graph module ifs_financial_product_entry --db unified-production-m3-20260828 -f human,telemetry sqlite,"status=success_non_empty; exit_code=0; load_ms=982; query_ms=0; total_ms=1041; result_size=23; summary={""extended_fields_count"":0,""extended_models_count"":6,""original_fields_count"":16,""original_models_count"":1}",76,1.8.0,cursor,unified-production-m3-20260828,1,0,success_non_empty,0,23,1041,982,0,ifs_financial_product_entry,
2026-08-29T10:13:08.457Z,cursor:ab55d1c3-9ceb-4eca-9f01-f94400538c56,/Users/1noryzzz/Odoo-unified-production,odoo-graph field ifs.gar.review.merchant.approve.wizard.product_plan_version_id --db unified-production-m3-20260828 -f human,telemetry sqlite,"status=success_non_empty; exit_code=0; load_ms=987; query_ms=0; total_ms=1045; result_size=1; summary={""downstream_count"":0,""primary_count_name"":""downstream_count"",""upstream_count"":1}",77,1.8.0,cursor,unified-production-m3-20260828,1,0,success_non_empty,0,1,1045,987,0,ifs.gar.review.merchant.approve.wizard.product_plan_version_id,
2026-08-29T10:13:09.912Z,cursor:ab55d1c3-9ceb-4eca-9f01-f94400538c56,/Users/1noryzzz/Odoo-unified-production,odoo-graph field ifs.gar.review.merchant.approve.wizard.term_days --db unified-production-m3-20260828 -f human,telemetry sqlite,"status=success_non_empty; exit_code=0; load_ms=975; query_ms=0; total_ms=1034; result_size=1; summary={""downstream_count"":0,""primary_count_name"":""downstream_count"",""upstream_count"":1}",78,1.8.0,cursor,unified-production-m3-20260828,1,0,success_non_empty,0,1,1034,975,0,ifs.gar.review.merchant.approve.wizard.term_days,
2026-08-29T10:13:11.353Z,cursor:ab55d1c3-9ceb-4eca-9f01-f94400538c56,/Users/1noryzzz/Odoo-unified-production,odoo-graph field ifs.gar.review.merchant.approve.wizard.credit_term --db unified-production-m3-20260828 -f human,telemetry sqlite,"status=success_non_empty; exit_code=0; load_ms=995; query_ms=0; total_ms=1061; result_size=1; summary={""downstream_count"":0,""primary_count_name"":""downstream_count"",""upstream_count"":1}",79,1.8.0,cursor,unified-production-m3-20260828,1,0,success_non_empty,0,1,1061,995,0,ifs.gar.review.merchant.approve.wizard.credit_term,
2026-08-30T15:08:42.679Z,cursor:0d95d4f8-5ce3-4327-926c-17361ee09cf1,/Users/1noryzzz/Odoo-unified-production,odoo-graph module ifs_financial_product_entry --db unified-production-m3-20260828 -f human,telemetry sqlite,"status=success_non_empty; exit_code=0; load_ms=941; query_ms=0; total_ms=995; result_size=23; summary={""extended_fields_count"":0,""extended_models_count"":6,""original_fields_count"":16,""original_models_count"":1}",80,1.8.0,cursor,unified-production-m3-20260828,1,0,success_non_empty,0,23,995,941,0,ifs_financial_product_entry,
2026-08-30T15:08:56.383Z,cursor:0d95d4f8-5ce3-4327-926c-17361ee09cf1,/Users/1noryzzz/Odoo-unified-production,odoo-graph model ifs.gar.entry.merchant --db unified-production-m3-20260828 -f human,telemetry sqlite,"status=success_non_empty; exit_code=0; load_ms=930; query_ms=1; total_ms=986; result_size=525; summary={""delegation_chain_count"":3,""extended_by_modules_count"":2,""fields_by_module_count"":7}",81,1.8.0,cursor,unified-production-m3-20260828,1,0,success_non_empty,0,525,986,930,1,ifs.gar.entry.merchant,
2026-08-30T15:09:16.770Z,cursor:0d95d4f8-5ce3-4327-926c-17361ee09cf1,/Users/1noryzzz/Odoo-unified-production,odoo-graph model galaxy.open.api.app --db unified-production-m3-20260828 -f human,telemetry sqlite,"status=success_non_empty; exit_code=0; load_ms=915; query_ms=0; total_ms=971; result_size=35; summary={""delegation_chain_count"":0,""extended_by_modules_count"":2,""fields_by_module_count"":5}",82,1.8.0,cursor,unified-production-m3-20260828,1,0,success_non_empty,0,35,971,915,0,galaxy.open.api.app,
2026-08-30T15:09:18.139Z,cursor:0d95d4f8-5ce3-4327-926c-17361ee09cf1,/Users/1noryzzz/Odoo-unified-production,odoo-graph model ifs.financial.product.plan.version --db unified-production-m3-20260828 -f human,telemetry sqlite,"status=success_non_empty; exit_code=0; load_ms=934; query_ms=0; total_ms=992; result_size=67; summary={""delegation_chain_count"":0,""extended_by_modules_count"":1,""fields_by_module_count"":4}",83,1.8.0,cursor,unified-production-m3-20260828,1,0,success_non_empty,0,67,992,934,0,ifs.financial.product.plan.version,
2026-08-30T15:09:19.527Z,cursor:0d95d4f8-5ce3-4327-926c-17361ee09cf1,/Users/1noryzzz/Odoo-unified-production,odoo-graph context ifs.gar.trade.order ifs.gar.payment.order ifs.gar.loan.account.bill ifs.gar.repayment.order --db unified-production-m3-20260828 -f human,telemetry sqlite,status=not_found; exit_code=1; load_ms=909; query_ms=0; total_ms=990; result_size=None,84,1.8.0,cursor,unified-production-m3-20260828,0,1,not_found,0,,990,909,0,"ifs.gar.trade.order,ifs.gar.payment.order,ifs.gar.loan.account.bill,ifs.gar.repayment.order",
2026-08-30T15:14:25.657Z,cursor:0d95d4f8-5ce3-4327-926c-17361ee09cf1,/Users/1noryzzz/Odoo-unified-production,odoo-graph field ifs.gar.sub.loan.account.used_quota --db unified-production-m3-20260828 -f human,telemetry sqlite,"status=success_non_empty; exit_code=0; load_ms=972; query_ms=0; total_ms=1030; result_size=4; summary={""downstream_count"":1,""primary_count_name"":""downstream_count"",""upstream_count"":3}",85,1.8.0,cursor,unified-production-m3-20260828,1,0,success_non_empty,0,4,1030,972,0,ifs.gar.sub.loan.account.used_quota,
