"id","category_id","platform_id","vendor_id","request_header_id","request_query_id","request_body_id","code","name","state","base_uri","request_method","request_body_format","request_auth","request_header_sample","request_query_sample","request_body_sample","description","response_raw","active","create_date","write_date"
2,4,331,,,2,,TYC-QYJBXXJZYRY,企业基本信息（含主要人员）,normal,http://open.api.tianyancha.com/services/open/ic/baseinfoV3/2.0,GET,none,"galaxy.external.api.auth.kv,1","","{""keyword"": ""杭州海泰精华创业投资合伙企业（有限合伙）""}","","<p>
<span style=""color: rgb(102, 102, 102);font-size: 14px"">可以通过公司名称或ID获取企业基本信息和主要人员信息，包括公司名称或ID、类型、成立日期、联系方式、主要人员名称、职位等字段的详细信息</span>

<br></p>","{""result"":{""historyNames"":null,""cancelDate"":null,""regStatus"":""存续"",""regCapital"":""3000万人民币"",""city"":""杭州市"",""staffNumRange"":""-"",""bondNum"":null,""historyNameList"":null,""industry"":""商务服务业"",""bondName"":null,""revokeDate"":null,""staffList"":null,""type"":1,""updateTimes"":1672367391000,""legalPersonName"":""单春妙"",""revokeReason"":null,""regNumber"":""330181001373902"",""creditCode"":""91330109MA2J08TQ75"",""property3"":"""",""usedBondName"":null,""approvedTime"":1624896000000,""fromTime"":1595520000000,""socialStaffNum"":0,""actualCapitalCurrency"":""人民币"",""alias"":""海泰精华"",""companyOrgType"":""有限合伙企业"",""id"":3459365233,""cancelReason"":null,""orgNumber"":""MA2J08TQ-7"",""email"":""shancm@hota.com.cn"",""toTime"":253392422400000,""actualCapital"":"""",""estiblishTime"":1595520000000,""regInstitute"":""杭州市萧山区市场监督管理局"",""businessScope"":""一般项目：创业投资(除依法须经批准的项目外，凭营业执照依法自主开展经营活动)。"",""taxNumber"":""91330109MA2J08TQ75"",""regLocation"":""浙江省杭州市萧山区宁围街道皓月路159号诺德财富中心1幢3103室"",""regCapitalCurrency"":""人民币"",""tags"":""存续;小微企业;企业集团"",""websiteList"":null,""phoneNumber"":""0571-22821059"",""district"":""萧山区"",""bondType"":null,""name"":""杭州海泰精华创业投资合伙企业（有限合伙）"",""percentileScore"":2860,""industryAll"":{""categoryMiddle"":""组织管理服务"",""categoryBig"":""商务服务业"",""category"":""租赁和商务服务业"",""categorySmall"":""""},""isMicroEnt"":1,""base"":""zj""},""reason"":""ok"",""error_code"":0}",true,2023-02-09 02:05:36.819,2023-03-07 03:21:26.439
3,4,331,,,2,,TYC-QYGD,企业股东,normal,http://open.api.tianyancha.com/services/open/ic/holder/2.0,GET,none,"galaxy.external.api.auth.kv,1","","{""keyword"": ""91440300MA5H38MF2A""}","","<p>
<span style=""color: rgb(102, 102, 102);font-size: 14px"">可以通过公司名称或ID获取企业股东信息，股东信息包括股东名、出资比例、出资金额、股东总数等字段的详细信息</span>

<br></p>","{""result"":{""total"":2,""items"":[{""cgid"":3262538763,""capital"":[{""amomon"":""180万人民币"",""paymet"":"""",""time"":"""",""percent"":""90%""}],""name"":""惠州市谷西弘企业管理合伙企业（有限合伙）"",""capitalActl"":[{""amomon"":""180万人民币"",""paymet"":"""",""time"":"""",""percent"":""""}],""logo"":"""",""alias"":""谷西弘"",""id"":3262538763,""type"":1,""hcgid"":""""},{""cgid"":3223686850,""capital"":[{""amomon"":""20万人民币"",""paymet"":"""",""time"":"""",""percent"":""10%""}],""name"":""河南鸿嘉骊企业管理合伙企业（有限合伙）"",""capitalActl"":[{""amomon"":""20万人民币"",""paymet"":"""",""time"":"""",""percent"":""""}],""logo"":"""",""alias"":""鸿嘉骊"",""id"":3223686850,""type"":1,""hcgid"":""""}]},""reason"":""ok"",""error_code"":0}",true,2023-02-09 07:22:43.494,2023-03-07 03:21:17.062
4,4,331,,,2,,TYC-LSGDJLSFR,企业历史主要人员,normal,http://open.api.tianyancha.com/services/open/hi/members,GET,none,"galaxy.external.api.auth.kv,1","","{""keyword"": ""北京百度网讯科技有限公司""}","","<p>
<span style=""color: rgb(102, 102, 102);font-size: 14px"">可以通过公司名称或ID获取历史主要人员信息，历史主要人员信息包括法人名、变更时间、主要人员名、变更时间、股东名、退股时间等字段的信息</span>

<br></p>","{""result"":{""pastLegalPersonList"":[],""pastStafferList"":[[{""toco"":5,""name"":""韦方"",""logo"":"""",""id"":2267785281,""time"":""2020-11-26"",""type"":0,""hcgid"":""2267785281-c22822"",""relation"":4}],[{""toco"":19,""name"":""向海龙"",""logo"":""https://imgh.tianyancha.com/logo/human/57a4e623227df05c7c328e51da7fce92_d200x200.png"",""id"":1839080315,""time"":""2019-07-11"",""type"":0,""hcgid"":""1839080315-c22822"",""relation"":4}],[{""toco"":40,""name"":""王湛"",""logo"":""https://imgh.tianyancha.com/logo/human/02bb9119af3a1bafd93ace0f8238af82_d200x200.png"",""id"":2074091018,""time"":""2017-07-04"",""type"":0,""hcgid"":""2074091018-c22822"",""relation"":4}],[{""toco"":2,""name"":""沈皓瑜"",""logo"":""https://imgh.tianyancha.com/logo/human/127df64cf44a7669622f13feab83f794_d200x200.png"",""id"":2045127266,""time"":""2012-02-16"",""type"":0,""hcgid"":""2045127266-c22822"",""relation"":4}],[{""toco"":null,""name"":""徐勇"",""logo"":""https://imgh.tianyancha.com/logo/human/971434e2df41ed94b11a89945aea9bd2_d200x200.png"",""id"":1939484677,""time"":""2011-02-14"",""type"":0,""hcgid"":""1939484677-c22822"",""relation"":4}]],""pastholderList"":[{""name"":""沈皓瑜"",""id"":null,""time"":""2012-02-16"",""hcgid"":""2045127266-c22822""},{""name"":""王湛"",""id"":null,""time"":""2017-07-04"",""hcgid"":""2074091018-c22822""},{""name"":""徐勇"",""id"":null,""time"":""2011-02-14"",""hcgid"":""1939484677-c22822""},{""name"":""向海龙"",""id"":null,""time"":""2019-08-20"",""hcgid"":""1839080315-c22822""}]},""reason"":""ok"",""error_code"":0}",true,2023-02-09 08:46:39.452,2023-03-07 03:20:57.232
5,4,331,331,,2,,TYC-DWTZ,对外投资,normal,http://open.api.tianyancha.com/services/open/ic/inverst/2.0,GET,none,"galaxy.external.api.auth.kv,1","","{""keyword"": ""111111111""}","","<p>
<span style=""color: rgb(102, 102, 102);font-size: 14px"">可以通过公司名称或ID获取企业对外投资信息，对外投资信息包括被投资企业、企业法人、投资占比、对外投资总数等字段的详细信息</span>

<br></p>","{""result"":null,""reason"":""无数据"",""error_code"":300000}",true,2023-02-09 09:10:43.714,2023-03-07 03:20:42.889
6,4,331,,,2,,TYC-FZJG,分支机构,normal,http://open.api.tianyancha.com/services/open/ic/branch/2.0,GET,none,"galaxy.external.api.auth.kv,1","","{""keyword"": ""北京百度网讯科技有限公司""}","","<p>
<span style=""color: rgb(102, 102, 102);font-size: 14px"">可以通过公司名称或ID获取企业分支机构信息，分支机构信息包括分公司名称或ID、企业法人、经营状态、分公司总数等字段的详细信息</span>

<br></p>","{""result"":{""total"":9,""items"":[{""regStatus"":""注销"",""estiblishTime"":1374681600000,""regCapital"":"""",""name"":""北京百度网讯科技有限公司南京分公司"",""logo"":""https://img5.tianyancha.com/logo/lll/010c44218af9a39e745a400850b48af0.png@!f_200x200"",""alias"":""北京百度"",""id"":139573097,""category"":""725"",""personType"":1,""legalPersonName"":""赵坤"",""base"":""js""},{""regStatus"":""注销"",""estiblishTime"":1336406400000,""regCapital"":"""",""name"":""北京百度网讯科技有限公司哈尔滨分公司"",""logo"":""https://img5.tianyancha.com/logo/lll/5ed7edde6ac52f84fed757e78a23c49f.png@!f_200x200"",""alias"":""北京百度"",""id"":1615756664,""category"":""516"",""personType"":1,""legalPersonName"":""向海龙"",""base"":""hlj""},{""regStatus"":""注销"",""estiblishTime"":1330617600000,""regCapital"":"""",""name"":""北京百度网讯科技有限公司西安分公司"",""logo"":""https://img5.tianyancha.com/logo/lll/1e21bc076c4f1629d8de5be85fd0e2cb.png@!f_200x200"",""alias"":""北京百度"",""id"":1566690935,""category"":""732"",""personType"":1,""legalPersonName"":""向海龙"",""base"":""snx""},{""regStatus"":""注销"",""estiblishTime"":1326211200000,""regCapital"":"""",""name"":""北京百度网讯科技有限公司重庆分公司"",""logo"":""https://img5.tianyancha.com/logo/lll/53b97676f92b3ea6b7f37babdfbea680.png@!f_200x200"",""alias"":""北京百度"",""id"":412551136,""category"":""523"",""personType"":1,""legalPersonName"":""向海龙"",""base"":""cq""},{""regStatus"":""开业"",""estiblishTime"":1211212800000,""regCapital"":"""",""name"":""北京百度网讯科技有限公司广州分公司"",""logo"":""https://img5.tianyancha.com/logo/lll/e94da5a7b0bb926632ac585766028e6f.png@!f_200x200"",""alias"":""北京百度"",""id"":139572971,""category"":""656"",""personType"":1,""legalPersonName"":""郭丽霞"",""base"":""gd""},{""regStatus"":""开业"",""estiblishTime"":1210780800000,""regCapital"":"""",""name"":""北京百度网讯科技有限公司东莞分公司"",""logo"":""https://img5.tianyancha.com/logo/lll/762a5d7bd8f3a41a6ea39bbad6d946f0.png@!f_200x200"",""alias"":""北京百度"",""id"":139573020,""category"":""651"",""personType"":1,""legalPersonName"":""郭丽霞"",""base"":""gd""},{""regStatus"":""存续"",""estiblishTime"":1209916800000,""regCapital"":"""",""name"":""北京百度网讯科技有限公司上海分公司"",""logo"":""https://img5.tianyancha.com/logo/lll/9f470394cfc88f4e10b5e17d22f1f238.png@!f_200x200"",""alias"":""北京百度"",""id"":711249800,""category"":""751"",""personType"":1,""legalPersonName"":""郭丽霞"",""base"":""sh""},{""regStatus"":""注销"",""estiblishTime"":1209398400000,""regCapital"":"""",""name"":""北京百度网讯科技有限公司佛山分公司"",""logo"":""https://img5.tianyancha.com/logo/lll/809d933b2ef0d6392274daab2fa0c24d.png@!f_200x200"",""alias"":""北京百度"",""id"":2456357709,""category"":""513"",""personType"":1,""legalPersonName"":""刘计平"",""base"":""gd""},{""regStatus"":""存续"",""estiblishTime"":1208448000000,""regCapital"":"""",""name"":""北京百度网讯科技有限公司深圳分公司"",""logo"":""https://img5.tianyancha.com/logo/lll/8e1aa6e84ff617657c2eeadae5b451f0.png@!f_200x200"",""alias"":""北京百度"",""id"":139572921,""category"":""652"",""personType"":1,""legalPersonName"":""郭丽霞"",""base"":""gd""}]},""reason"":""ok"",""error_code"":0}",true,2023-02-10 02:51:40.066,2023-03-07 03:20:47.852
7,4,331,,3,2,,TYC-SFXZ,司法协助,normal,http://open.api.tianyancha.com/services/v4/open/judicial,GET,none,"galaxy.external.api.auth.kv,1","{""Authorization"": ""880bee9d-f02d-4ab4-bb1f-89d34a03f03f""}","{""keyword"": ""978740860""}","","<p>
<span style=""color: rgb(102, 102, 102);font-size: 14px"">可以通过公司名称或ID获取司法协助信息，司法协助信息包括执行法院、案件内容、被执行人名称等字段的详细信息</span>

<br></p>","{""result"":{""total"":1,""historyCount"":null,""items"":[{""executeNoticeNum"":""（2015）沪二中法执 字第242号"",""executedPersonCid"":0,""publicityDate"":""-"",""stockExecutedCompany"":""上海东浩环保装备有限公司"",""executedPersonHid"":null,""stockExecutedCid"":978740860,""executedPerson"":""中国纺织机械股份有限公司"",""assId"":""749a20044"",""equityAmount"":""9957.14万人民币"",""id"":20044,""typeState"":""股权变更"",""executedPersonType"":""1"",""executiveCourt"":""上海市第二中级人民法院""}]},""reason"":""ok"",""error_code"":0}",true,2023-02-10 03:13:17.047,2023-03-03 02:50:26.417
8,4,331,,,2,,TYC-QYBZXR,企业被执行人,normal,http://open.api.tianyancha.com/services/open/jr/zhixinginfo/2.0,GET,none,"galaxy.external.api.auth.kv,1","","{""keyword"": ""河北展发房地产开发有限公司""}","","<p>
<span style=""color: rgb(102, 102, 102);font-size: 14px"">可以通过公司名称或ID获取被执行人信息，被执行人信息包括执行法院、案件内容、执行标的、被执行人名称、组织机构代码等字段的详细信息</span>

<br></p>","{""result"":{""total"":3,""items"":[{""caseCode"":""(2023)冀0929执311号"",""partyCardNum"":""91130900566****6791"",""pname"":""河北展发房地产开发有限公司"",""execCourtName"":""献县人民法院"",""caseCreateTime"":1676822400000,""execMoney"":""35000""},{""caseCode"":""(2017)冀0929执32号"",""partyCardNum"":""28738412-9"",""pname"":""河北展发房地产开发有限公司"",""execCourtName"":""献县人民法院"",""caseCreateTime"":1483459200000,""execMoney"":""5000000""},{""caseCode"":""(2017)冀0929执31号"",""partyCardNum"":""91130900566****6791"",""pname"":""河北展发房地产开发有限公司"",""execCourtName"":""献县人民法院"",""caseCreateTime"":1483459200000,""execMoney"":""3300000""}]},""reason"":""ok"",""error_code"":0}",true,2023-02-10 03:45:18.031,2023-03-07 03:21:11.704
9,4,331,,3,2,,TYC-SXBZXR,失信被执行人,normal,http://open.api.tianyancha.com/services/open/jr/dishonest/2.0,GET,none,"galaxy.external.api.auth.kv,1","{""Authorization"": ""880bee9d-f02d-4ab4-bb1f-89d34a03f03f""}","{""keyword"": ""恩施鑫地源农业开发有限公司""}","","<p>
<span style=""color: rgb(102, 102, 102);font-size: 14px"">可以通过公司名称或ID判定企业失信情况，失信信息包括失信人名称、组织机构代码、履行情况、失信行为具体情形等字段的详细信息</span>

<br></p>","{""result"":null,""reason"":""无数据"",""error_code"":300000}",true,2023-02-10 07:20:47.308,2023-03-03 02:51:47.801
10,4,331,,,2,,TYC-PJWS,判决文书,normal,http://open.api.tianyancha.com/services/open/jr/lawSuit/3.0,GET,none,"galaxy.external.api.auth.kv,1","","{""keyword"": ""北京百度网讯科技有限公司""}","","<p>
<span style=""color: rgb(102, 102, 102);font-size: 14px"">可以通过公司名称或ID获取企业法律诉讼信息，包括案号、案件名称、案由、案件金额、案件身份、裁判结果标签等字段的详细信息</span>

<br></p>","{""result"":{""total"":5000,""items"":[{""docType"":""裁定书"",""lawsuitUrl"":""https://www.tianyancha.com/lawsuit/15673f6f617243af95aa473aa4b5fac8"",""lawsuitH5Url"":""https://m.tianyancha.com/app/h5/lawsuit/15673f6f617243af95aa473aa4b5fac8"",""title"":""海南字节跳动科技有限公司与北京百度网讯科技有限公司侵害作品信息网络传播权纠纷一审民事裁定书"",""court"":""北京互联网法院"",""judgeTime"":""2022-05-11"",""uuid"":""15673f6f617243af95aa473aa4b5fac8"",""caseNo"":""（2022）京0491民初6658号"",""caseType"":""民事案件"",""caseReason"":""侵害作品信息网络传播权纠纷"",""casePersons"":[{""result"":"""",""role"":""原告"",""gid"":""3276135881"",""emotion"":null,""name"":""海南字节跳动科技有限公司"",""type"":""2""},{""result"":"""",""role"":""被告"",""gid"":""22822"",""emotion"":null,""name"":""北京百度网讯科技有限公司"",""type"":""2""}],""caseMoney"":"""",""submitTime"":1676883526000,""id"":354261438},{""docType"":""判决书"",""lawsuitUrl"":""https://www.tianyancha.com/lawsuit/bbf62b142e5d4ad883ac3bec2fc895fc"",""lawsuitH5Url"":""https://m.tianyancha.com/app/h5/lawsuit/bbf62b142e5d4ad883ac3bec2fc895fc"",""title"":""北京度友科技有限公司等与罗庆等不正当竞争纠纷一审民事判决书"",""court"":""北京市海淀区人民法院"",""judgeTime"":""2022-11-10"",""uuid"":""bbf62b142e5d4ad883ac3bec2fc895fc"",""caseNo"":""（2021）京0108民初14455号"",""caseType"":""民事案件"",""caseReason"":""不正当竞争纠纷"",""casePersons"":[{""result"":""部分支持"",""role"":""原告"",""gid"":""3483296962"",""emotion"":0,""name"":""北京度友科技有限公司"",""type"":""2""},{""result"":""部分支持"",""role"":""原告"",""gid"":""22822"",""emotion"":0,""name"":""北京百度网讯科技有限公司"",""type"":""2""},{""result"":""部分支持"",""role"":""被告"",""gid"":"""",""emotion"":0,""name"":""唐智"",""type"":""""},{""result"":""部分支持"",""role"":""被告"",""gid"":"""",""emotion"":0,""name"":""罗庆"",""type"":""""},{""result"":""部分支持"",""role"":""被告"",""gid"":""3407490761"",""emotion"":0,""name"":""芝罘区棉港网络工作室"",""type"":""2""}],""caseMoney"":""562000元"",""submitTime"":1676476800000,""id"":354161449},{""docType"":""判决书"",""lawsuitUrl"":""https://www.tianyancha.com/lawsuit/af6a44ac8e734298bd219359f8a13176"",""lawsuitH5Url"":""https://m.tianyancha.com/app/h5/lawsuit/af6a44ac8e734298bd219359f8a13176"",""title"":""青岛莱牛教育有限公司与北京百度网讯科技有限公司等一审民事判决书"",""court"":""北京市海淀区人民法院"",""judgeTime"":""2022-09-23"",""uuid"":""af6a44ac8e734298bd219359f8a13176"",""caseNo"":""（2021）京0108民初66675号"",""caseType"":""民事案件"",""caseReason"":"""",""casePersons"":[{""result"":""部分支持"",""role"":""原告"",""gid"":""2350477820"",""emotion"":0,""name"":""青岛莱牛教育有限公司"",""type"":""2""},{""result"":""不承担责任"",""role"":""被告"",""gid"":""22822"",""emotion"":0,""name"":""北京百度网讯科技有限公司"",""type"":""2""},{""result"":""部分支持"",""role"":""被告"",""gid"":""1253616504"",""emotion"":0,""name"":""上海海同优才教育培训有限责任公司"",""type"":""2""}],""caseMoney"":""18000元"",""submitTime"":1676390400000,""id"":354291051},{""docType"":""判决书"",""lawsuitUrl"":""https://www.tianyancha.com/lawsuit/80dff82b750748b8b167d730dc765737"",""lawsuitH5Url"":""https://m.tianyancha.com/app/h5/lawsuit/80dff82b750748b8b167d730dc765737"",""title"":""上海海同优才教育培训有限责任公司等与青岛莱牛教育有限公司不正当竞争纠纷二审民事判决书"",""court"":""北京知识产权法院"",""judgeTime"":""2023-02-05"",""uuid"":""80dff82b750748b8b167d730dc765737"",""caseNo"":""（2022）京73民终4567号"",""caseType"":""民事案件"",""caseReason"":""不正当竞争纠纷"",""casePersons"":[{""result"":""驳回上诉"",""role"":""上诉人"",""gid"":""1253616504"",""emotion"":-1,""name"":""上海海同优才教育培训有限责任公司"",""type"":""2""},{""result"":""驳回对方上诉"",""role"":""被上诉人"",""gid"":""2350477820"",""emotion"":1,""name"":""青岛莱牛教育有限公司"",""type"":""2""}],""caseMoney"":"""",""submitTime"":1676390400000,""id"":354106015},{""docType"":""判决书"",""lawsuitUrl"":""https://www.tianyancha.com/lawsuit/9761e65f3d8f4cb0944a0722ad6f5635"",""lawsuitH5Url"":""https://m.tianyancha.com/app/h5/lawsuit/9761e65f3d8f4cb0944a0722ad6f5635"",""title"":""北京抖音信息服务有限公司与北京百度网讯科技有限公司不正当竞争纠纷一审民事判决书"",""court"":""北京市海淀区人民法院"",""judgeTime"":""2022-11-07"",""uuid"":""9761e65f3d8f4cb0944a0722ad6f5635"",""caseNo"":""（2021）京0108民初50395号"",""caseType"":""民事案件"",""caseReason"":""不正当竞争纠纷"",""casePersons"":[{""result"":""部分支持"",""role"":""原告"",""gid"":""25174642"",""emotion"":0,""name"":""北京抖音信息服务有限公司"",""type"":""2""},{""result"":""部分支持"",""role"":""被告"",""gid"":""22822"",""emotion"":0,""name"":""北京百度网讯科技有限公司"",""type"":""2""}],""caseMoney"":""120000元"",""submitTime"":1676390400000,""id"":354238673},{""docType"":""裁定书"",""lawsuitUrl"":""https://www.tianyancha.com/lawsuit/7d81a3ba37944326a47f84dbea8131d2"",""lawsuitH5Url"":""https://m.tianyancha.com/app/h5/lawsuit/7d81a3ba37944326a47f84dbea8131d2"",""title"":""陈思瑶等与陈思溶网络侵权责任纠纷二审民事裁定书"",""court"":""北京市第四中级人民法院"",""judgeTime"":""2023-02-03"",""uuid"":""7d81a3ba37944326a47f84dbea8131d2"",""caseNo"":""（2022）京04民终639号"",""caseType"":""民事案件"",""caseReason"":""网络侵权责任纠纷"",""casePersons"":[{""result"":""撤回上诉"",""role"":""上诉人"",""gid"":"""",""emotion"":0,""name"":""陈思瑶"",""type"":""""},{""result"":""撤回上诉"",""role"":""被上诉人"",""gid"":"""",""emotion"":0,""name"":""陈思溶"",""type"":""""}],""caseMoney"":"""",""submitTime"":1676304000000,""id"":354104275},{""docType"":""判决书"",""lawsuitUrl"":""https://www.tianyancha.com/lawsuit/1db9cae9bf6d4f04adf55d032381e098"",""lawsuitH5Url"":""https://m.tianyancha.com/app/h5/lawsuit/1db9cae9bf6d4f04adf55d032381e098"",""title"":""北京巨量引擎网络技术有限公司与北京百度网讯科技有限公司等一审民事判决书"",""court"":""北京市海淀区人民法院"",""judgeTime"":""2022-11-07"",""uuid"":""1db9cae9bf6d4f04adf55d032381e098"",""caseNo"":""（2021）京0108民初50383号"",""caseType"":""民事案件"",""caseReason"":"""",""casePersons"":[{""result"":""部分支持"",""role"":""原告"",""gid"":""2944784056"",""emotion"":0,""name"":""北京巨量引擎网络技术有限公司"",""type"":""2""},{""result"":""部分支持"",""role"":""被告"",""gid"":""11364756"",""emotion"":0,""name"":""百度时代网络技术（北京）有限公司"",""type"":""2""},{""result"":""不承担责任"",""role"":""被告"",""gid"":""22822"",""emotion"":0,""name"":""北京百度网讯科技有限公司"",""type"":""2""}],""caseMoney"":""120000元"",""submitTime"":1676304000000,""id"":354238691},{""docType"":""判决书"",""lawsuitUrl"":""https://www.tianyancha.com/lawsuit/9821aec321aa41ffa2841cc2a2c15623"",""lawsuitH5Url"":""https://m.tianyancha.com/app/h5/lawsuit/9821aec321aa41ffa2841cc2a2c15623"",""title"":""陈思溶与北京百度网讯科技有限公司等网络侵权责任纠纷一审民事判决书"",""court"":""北京互联网法院"",""judgeTime"":""2022-10-28"",""uuid"":""9821aec321aa41ffa2841cc2a2c15623"",""caseNo"":""（2022）京0491民初8514号"",""caseType"":""民事案件"",""caseReason"":""网络侵权责任纠纷"",""casePersons"":[{""result"":""部分支持"",""role"":""原告"",""gid"":"""",""emotion"":0,""name"":""陈思溶"",""type"":""""},{""result"":""不承担责任"",""role"":""被告"",""gid"":""22822"",""emotion"":0,""name"":""北京百度网讯科技有限公司"",""type"":""2""},{""result"":""部分支持"",""role"":""被告"",""gid"":"""",""emotion"":0,""name"":""陈思瑶"",""type"":""""}],""caseMoney"":"""",""submitTime"":1676217839000,""id"":353736272},{""docType"":""裁定书"",""lawsuitUrl"":""https://www.tianyancha.com/lawsuit/79036a0e7bfa4a1cb0c16ed9a4bf708f"",""lawsuitH5Url"":""https://m.tianyancha.com/app/h5/lawsuit/79036a0e7bfa4a1cb0c16ed9a4bf708f"",""title"":""李贤良与北京百度网讯科技有限公司网络侵权责任纠纷一审民事裁定书"",""court"":""北京互联网法院"",""judgeTime"":""2022-11-07"",""uuid"":""79036a0e7bfa4a1cb0c16ed9a4bf708f"",""caseNo"":""（2021）京0491民初34177号"",""caseType"":""民事案件"",""caseReason"":""网络侵权责任纠纷"",""casePersons"":[{""result"":""撤诉"",""role"":""原告"",""gid"":"""",""emotion"":0,""name"":""李贤良"",""type"":""""},{""result"":""原告撤诉"",""role"":""被告"",""gid"":""22822"",""emotion"":0,""name"":""北京百度网讯科技有限公司"",""type"":""2""}],""caseMoney"":"""",""submitTime"":1676217837000,""id"":353736302},{""docType"":""裁定书"",""lawsuitUrl"":""https://www.tianyancha.com/lawsuit/fe749ae40e444af7b31635c047ea0cfc"",""lawsuitH5Url"":""https://m.tianyancha.com/app/h5/lawsuit/fe749ae40e444af7b31635c047ea0cfc"",""title"":""易玩（上海）网络科技有限公司与北京搜狗信息服务有限公司等侵害商标权及不正当竞争纠纷一审民事裁定书"",""court"":""上海市徐汇区人民法院"",""judgeTime"":""2022-12-16"",""uuid"":""fe749ae40e444af7b31635c047ea0cfc"",""caseNo"":""（2021）沪0104民初1569号之一"",""caseType"":""民事案件"",""caseReason"":""不正当竞争纠纷"",""casePersons"":[{""result"":""撤诉"",""role"":""原告"",""gid"":""2352522545"",""emotion"":0,""name"":""易玩（上海）网络科技有限公司"",""type"":""2""},{""result"":""原告撤诉"",""role"":""被告"",""gid"":""9519784"",""emotion"":0,""name"":""北京搜狗信息服务有限公司"",""type"":""2""},{""result"":""原告撤诉"",""role"":""被告"",""gid"":"""",""emotion"":0,""name"":""周明"",""type"":""""},{""result"":""原告撤诉"",""role"":""被告"",""gid"":""22822"",""emotion"":0,""name"":""北京百度网讯科技有限公司"",""type"":""2""},{""result"":""原告撤诉"",""role"":""被告"",""gid"":""222822506"",""emotion"":0,""name"":""北京齐欣互动科技有限公司"",""type"":""2""}],""caseMoney"":"""",""submitTime"":1675872000000,""id"":354200412},{""docType"":""裁定书"",""lawsuitUrl"":""https://www.tianyancha.com/lawsuit/cdc4773beace4518957acb7b694af9e8"",""lawsuitH5Url"":""https://m.tianyancha.com/app/h5/lawsuit/cdc4773beace4518957acb7b694af9e8"",""title"":""蒋定定与北京百度网讯科技有限公司网络服务合同纠纷一审民事裁定书"",""court"":""北京互联网法院"",""judgeTime"":""2021-08-20"",""uuid"":""cdc4773beace4518957acb7b694af9e8"",""caseNo"":""（2021）京0491民初19181号"",""caseType"":""民事案件"",""caseReason"":""网络服务合同纠纷"",""casePersons"":[{""result"":"""",""role"":""原告"",""gid"":"""",""emotion"":null,""name"":""蒋定定"",""type"":""""},{""result"":"""",""role"":""被告"",""gid"":""22822"",""emotion"":null,""name"":""北京百度网讯科技有限公司"",""type"":""2""}],""caseMoney"":"""",""submitTime"":1675785837000,""id"":353251838},{""docType"":""判决书"",""lawsuitUrl"":""https://www.tianyancha.com/lawsuit/c6ad353e8e1a432795c038737d9bcfe8"",""lawsuitH5Url"":""https://m.tianyancha.com/app/h5/lawsuit/c6ad353e8e1a432795c038737d9bcfe8"",""title"":""蒋定定与北京百度网讯科技有限公司网络服务合同纠纷一审民事判决书"",""court"":""北京互联网法院"",""judgeTime"":""2022-11-03"",""uuid"":""c6ad353e8e1a432795c038737d9bcfe8"",""caseNo"":""（2021）京0491民初19181号"",""caseType"":""民事案件"",""caseReason"":""网络服务合同纠纷"",""casePersons"":[{""result"":""败诉"",""role"":""原告"",""gid"":"""",""emotion"":-1,""name"":""蒋定定"",""type"":""""},{""result"":""胜诉"",""role"":""被告"",""gid"":""22822"",""emotion"":1,""name"":""北京百度网讯科技有限公司"",""type"":""2""}],""caseMoney"":"""",""submitTime"":1675785835000,""id"":353251846},{""docType"":""判决书"",""lawsuitUrl"":""https://www.tianyancha.com/lawsuit/61b8b0976017419a8827b2371d998d77"",""lawsuitH5Url"":""https://m.tianyancha.com/app/h5/lawsuit/61b8b0976017419a8827b2371d998d77"",""title"":""秦皇岛第九街区科技有限公司与北京百川视界信息技术有限公司等一审民事判决书"",""court"":""北京市石景山区人民法院"",""judgeTime"":""2022-11-02"",""uuid"":""61b8b0976017419a8827b2371d998d77"",""caseNo"":""（2022）京0107民初4038号"",""caseType"":""民事案件"",""caseReason"":"""",""casePersons"":[{""result"":""部分支持"",""role"":""原告"",""gid"":""2846024861"",""emotion"":0,""name"":""秦皇岛第九街区科技有限公司"",""type"":""2""},{""result"":""不承担责任"",""role"":""被告"",""gid"":""3311231192"",""emotion"":0,""name"":""海南捷讯嘉科技有限公司"",""type"":""2""},{""result"":""不承担责任"",""role"":""被告"",""gid"":""22822"",""emotion"":0,""name"":""北京百度网讯科技有限公司"",""type"":""2""},{""result"":""部分支持"",""role"":""被告"",""gid"":""3363629704"",""emotion"":0,""name"":""北京百川视界信息技术有限公司"",""type"":""2""}],""caseMoney"":""24000元"",""submitTime"":1675785600000,""id"":353922649},{""docType"":""裁定书"",""lawsuitUrl"":""https://www.tianyancha.com/lawsuit/f6f4c0d132c549fc8e09b51a8fbf2ba5"",""lawsuitH5Url"":""https://m.tianyancha.com/app/h5/lawsuit/f6f4c0d132c549fc8e09b51a8fbf2ba5"",""title"":""何海与北京市市场监督管理局等其他一审行政裁定书"",""court"":""北京互联网法院"",""judgeTime"":""2022-10-30"",""uuid"":""f6f4c0d132c549fc8e09b51a8fbf2ba5"",""caseNo"":""（2022）京0491行初28号"",""caseType"":""行政案件"",""caseReason"":"""",""casePersons"":[{""result"":""撤诉"",""role"":""原告"",""gid"":"""",""emotion"":0,""name"":""何海"",""type"":""""},{""result"":""原告撤诉"",""role"":""被告"",""gid"":"""",""emotion"":0,""name"":""北京市海淀区市场监督管理局"",""type"":""""},{""result"":""原告撤诉"",""role"":""被告"",""gid"":"""",""emotion"":0,""name"":""北京市市场监督管理局"",""type"":""""}],""caseMoney"":"""",""submitTime"":1675613040000,""id"":353247965},{""docType"":""裁定书"",""lawsuitUrl"":""https://www.tianyancha.com/lawsuit/1f9018e39f254b07a6d1457bfc3765c8"",""lawsuitH5Url"":""https://m.tianyancha.com/app/h5/lawsuit/1f9018e39f254b07a6d1457bfc3765c8"",""title"":""寿光康希餐饮有限公司、段伟等侵害商标权纠纷民事一审民事裁定书"",""court"":""琼海市人民法院"",""judgeTime"":""2022-12-19"",""uuid"":""1f9018e39f254b07a6d1457bfc3765c8"",""caseNo"":""（2022）琼9002民初4623号"",""caseType"":""民事案件"",""caseReason"":""侵害商标权纠纷"",""casePersons"":[{""result"":""撤诉"",""role"":""原告"",""gid"":""1162925152"",""emotion"":0,""name"":""寿光康希餐饮有限公司"",""type"":""2""},{""result"":""原告撤诉"",""role"":""被告"",""gid"":""3311231192"",""emotion"":0,""name"":""海南捷讯嘉科技有限公司"",""type"":""2""},{""result"":""原告撤诉"",""role"":""被告"",""gid"":""22822"",""emotion"":0,""name"":""北京百度网讯科技有限公司"",""type"":""2""},{""result"":""原告撤诉"",""role"":""被告"",""gid"":"""",""emotion"":0,""name"":""段伟"",""type"":""""}],""caseMoney"":"""",""submitTime"":1675267200000,""id"":353345343},{""docType"":""判决书"",""lawsuitUrl"":""https://www.tianyancha.com/lawsuit/19b229ead49a432c98c5aa6d40428e5e"",""lawsuitH5Url"":""https://m.tianyancha.com/app/h5/lawsuit/19b229ead49a432c98c5aa6d40428e5e"",""title"":""杨振海等与上海天銮网络技术有限公司二审民事判决书"",""court"":""北京知识产权法院"",""judgeTime"":""2022-12-30"",""uuid"":""19b229ead49a432c98c5aa6d40428e5e"",""caseNo"":""（2020）京73民终1905号"",""caseType"":""民事案件"",""caseReason"":"""",""casePersons"":[{""result"":""部分支持"",""role"":""上诉人"",""gid"":""3135449557"",""emotion"":0,""name"":""广州游城网络科技有限公司"",""type"":""2""},{""result"":""撤销原判"",""role"":""上诉人"",""gid"":"""",""emotion"":0,""name"":""杨振海"",""type"":""""},{""result"":""部分支持"",""role"":""被上诉人"",""gid"":""2358376325"",""emotion"":0,""name"":""上海天銮网络技术有限公司"",""type"":""2""}],""caseMoney"":""550000元"",""submitTime"":1675180800000,""id"":353447424},{""docType"":""裁定书"",""lawsuitUrl"":""https://www.tianyancha.com/lawsuit/d21df0b8d619461794bb81563fe951ec"",""lawsuitH5Url"":""https://m.tianyancha.com/app/h5/lawsuit/d21df0b8d619461794bb81563fe951ec"",""title"":""易玩（上海）网络科技有限公司与北京搜狗信息服务有限公司等侵害商标权及不正当竞争纠纷一审民事裁定书"",""court"":""上海市徐汇区人民法院"",""judgeTime"":""2023-01-16"",""uuid"":""d21df0b8d619461794bb81563fe951ec"",""caseNo"":""（2022）沪0104民初6008号之一"",""caseType"":""民事案件"",""caseReason"":""不正当竞争纠纷"",""casePersons"":[{""result"":""撤诉"",""role"":""原告"",""gid"":""2352522545"",""emotion"":0,""name"":""易玩（上海）网络科技有限公司"",""type"":""2""},{""result"":""原告撤诉"",""role"":""被告"",""gid"":""9519784"",""emotion"":0,""name"":""北京搜狗信息服务有限公司"",""type"":""2""},{""result"":""原告撤诉"",""role"":""被告"",""gid"":""22822"",""emotion"":0,""name"":""北京百度网讯科技有限公司"",""type"":""2""},{""result"":""原告撤诉"",""role"":""被告"",""gid"":""2330046678"",""emotion"":0,""name"":""山东多米诺网络科技有限公司"",""type"":""2""},{""result"":""原告撤诉"",""role"":""被告"",""gid"":""222822506"",""emotion"":0,""name"":""北京齐欣互动科技有限公司"",""type"":""2""}],""caseMoney"":"""",""submitTime"":1675180800000,""id"":354142489},{""docType"":""裁定书"",""lawsuitUrl"":""https://www.tianyancha.com/lawsuit/6aea03f740a942dfadc8dc6032669587"",""lawsuitH5Url"":""https://m.tianyancha.com/app/h5/lawsuit/6aea03f740a942dfadc8dc6032669587"",""title"":""西安奇趣网络科技有限公司与北京百度网讯科技有限公司等侵害计算机软件著作权纠纷一审民事裁定书"",""court"":""北京知识产权法院"",""judgeTime"":""2022-10-26"",""uuid"":""6aea03f740a942dfadc8dc6032669587"",""caseNo"":""（2022）京73民初1167号"",""caseType"":""民事案件"",""caseReason"":""侵害计算机软件著作权纠纷"",""casePersons"":[{""result"":""撤诉"",""role"":""原告"",""gid"":""1574736513"",""emotion"":0,""name"":""西安奇趣网络科技有限公司"",""type"":""2""},{""result"":""原告撤诉"",""role"":""被告"",""gid"":""22822"",""emotion"":0,""name"":""北京百度网讯科技有限公司"",""type"":""2""},{""result"":""原告撤诉"",""role"":""被告"",""gid"":"""",""emotion"":0,""name"":""郭考庆"",""type"":""""}],""caseMoney"":"""",""submitTime"":1675180800000,""id"":353932841},{""docType"":""裁定书"",""lawsuitUrl"":""https://www.tianyancha.com/lawsuit/6a6ee7edbf414452b0f57452d2857e66"",""lawsuitH5Url"":""https://m.tianyancha.com/app/h5/lawsuit/6a6ee7edbf414452b0f57452d2857e66"",""title"":""北京李先生加州牛肉面大王有限公司与安徽瑞录网络信息技术有限公司等知识产权与竞争纠纷一审民事裁定书"",""court"":""北京市海淀区人民法院"",""judgeTime"":""2022-10-26"",""uuid"":""6a6ee7edbf414452b0f57452d2857e66"",""caseNo"":""（2022）京0108民初33643号"",""caseType"":""民事案件"",""caseReason"":""知识产权与竞争纠纷"",""casePersons"":[{""result"":""撤诉"",""role"":""原告"",""gid"":""4665820"",""emotion"":0,""name"":""北京李先生加州牛肉面大王有限公司"",""type"":""2""},{""result"":""原告撤诉"",""role"":""被告"",""gid"":""22822"",""emotion"":0,""name"":""北京百度网讯科技有限公司"",""type"":""2""},{""result"":""原告撤诉"",""role"":""被告"",""gid"":"""",""emotion"":0,""name"":""安徽瑞录网络信息技术有限公司"",""type"":""""}],""caseMoney"":"""",""submitTime"":1675180800000,""id"":353929854},{""docType"":""裁定书"",""lawsuitUrl"":""https://www.tianyancha.com/lawsuit/0145eab1ae864aecbc7e694745163f30"",""lawsuitH5Url"":""https://m.tianyancha.com/app/h5/lawsuit/0145eab1ae864aecbc7e694745163f30"",""title"":""上海墨色文化创意有限公司与北京百度网讯科技有限公司侵害作品信息网络传播权纠纷一审民事裁定书"",""court"":""上海市徐汇区人民法院"",""judgeTime"":""2022-12-05"",""uuid"":""0145eab1ae864aecbc7e694745163f30"",""caseNo"":""（2022）沪0104民初9693号之一"",""caseType"":""民事案件"",""caseReason"":""侵害作品信息网络传播权纠纷"",""casePersons"":[{""result"":""撤诉"",""role"":""原告"",""gid"":""2335354019"",""emotion"":0,""name"":""上海墨色文化创意有限公司"",""type"":""2""},{""result"":""原告撤诉"",""role"":""被告"",""gid"":""22822"",""emotion"":0,""name"":""北京百度网讯科技有限公司"",""type"":""2""}],""caseMoney"":"""",""submitTime"":1675180800000,""id"":354213071}]},""reason"":""ok"",""error_code"":0}",true,2023-02-10 07:39:55.946,2023-03-07 03:21:07.065
12,4,331,,,2,,TYC-NSRLX,纳税人类型,normal,http://open.api.tianyancha.com/services/open/m/taxpayer/2.0,GET,none,"galaxy.external.api.auth.kv,1","","{""keyword"": ""北京一点网聚科技有限公司""}","","<p>
<span style=""color: rgb(102, 102, 102);font-size: 14px"">可以通过公司名称或ID获取一般纳税人信息，一般纳税人信息包括纳税人名称、纳税人识别号、纳税人资格类型、主管税务机关、有效期起、有效期止等字段的信息</span>

<br></p>","{""result"":{""total"":1,""items"":[{""gid"":43743335,""taxpayerQualificationType"":""一般纳税人"",""endDate"":"""",""name"":""北京一点网聚科技有限公司"",""logo"":""https://img5.tianyancha.com/logo/lll/a980e4c1e3489946299dd2da64f9c27a.png@!f_200x200"",""alias"":""一点网聚"",""taxpayerIdentificationNumber"":""91110108076573665B"",""startDate"":""2013-09-16""}]},""reason"":""ok"",""error_code"":0}",true,2023-02-10 08:26:40.741,2023-03-07 03:21:01.998
13,4,331,,,2,,TYC-QYWB,企业微博,normal,http://open.api.tianyancha.com/services/open/m/weibo/2.0,GET,none,"galaxy.external.api.auth.kv,1","","{""keyword"": ""北京百度网讯科技有限公司""}","","<p>
<span style=""color: rgb(102, 102, 102);font-size: 14px"">可以通过公司名称或ID获取企业微博的有关信息，包括企业微博名称、行业类别、简介等字段的详细信息</span>

<br></p>","{""result"":{""total"":92,""items"":[{""ico"":""http://oss-cn-beijing.aliyuncs.com/company-test/weibo_user_logo_test/cfef280d091acceb189c8e4844214213.jpg"",""name"":""Wonder官方微博"",""href"":""https://weibo.com/u/7728390957"",""info"":"""",""tags"":[""IT/互联网/电子产品-软件""]},{""ico"":""http://oss-cn-beijing.aliyuncs.com/company-test/weibo_user_logo_test/8d0adf6756b136ea351edbce8130b301.jpg"",""name"":""不挂科App"",""href"":""https://weibo.com/u/7654602079"",""info"":"""",""tags"":[""IT/互联网/电子产品-app应用""]},{""ico"":""http://oss-cn-beijing.aliyuncs.com/company-test/weibo_user_logo_test/44d0c6f572b0e9c1da74bbf2fb6ae157.jpg"",""name"":""一局APP"",""href"":""https://weibo.com/u/7596703176"",""info"":""一夜狼｜炸弹猫｜谁是卧底；玩线上桌游就上「一局app」；致力于打造年轻人的娱乐社交平台～   VX：s981109m..."",""tags"":[]},{""ico"":""http://oss-cn-beijing.aliyuncs.com/company-test/weibo_user_logo_test/d5ee2abf3eef2fada82b175d6232bb34.jpg"",""name"":""穿越竞技场"",""href"":""https://weibo.com/u/7613829001"",""info"":"""",""tags"":[""体育/运动""]},{""ico"":""http://oss-cn-beijing.aliyuncs.com/company-test/weibo_user_logo_test/95d4e7275350b287691de48f9cc7ff20.jpg"",""name"":""度咔剪辑"",""href"":""https://weibo.com/u/7605820920"",""info"":""度咔剪辑-剪辑咔咔快！"",""tags"":[]},{""ico"":""http://oss-cn-beijing.aliyuncs.com/company-test/weibo_user_logo_test/3fbaafd0580c6b9e5cb581b59d5a63f7.jpg"",""name"":""度拍客"",""href"":""https://weibo.com/u/7582647185"",""info"":"""",""tags"":[]},{""ico"":""http://oss-cn-beijing.aliyuncs.com/company-test/weibo_user_logo_test/05fec5e87093dbfeada7c91af1927fc5.jpg"",""name"":""好看星推官"",""href"":""https://weibo.com/u/7436686961"",""info"":""百度好看视频《好看星推官》栏目"",""tags"":[""影视/娱乐""]},{""ico"":""http://oss-cn-beijing.aliyuncs.com/company-test/weibo_user_logo_test/bce1457cde13a5a29abe5db909fd11b8.jpg"",""name"":""装馨家"",""href"":""https://weibo.com/u/7582459374"",""info"":"""",""tags"":[]},{""ico"":""http://oss-cn-beijing.aliyuncs.com/company-test/weibo_user_logo_test/1ae5f682bba916af97aaaddbf193a0f6.jpg"",""name"":""百度网讯健康调查局"",""href"":""https://weibo.com/u/7572222492"",""info"":"""",""tags"":[]},{""ico"":""http://oss-cn-beijing.aliyuncs.com/company-test/weibo_user_logo_test/a22ec0e73ec625b070ddbfad340fc85d.jpg"",""name"":""百家号出品"",""href"":""https://weibo.com/u/7488123910"",""info"":""知识很性感，百家号很丰满。"",""tags"":[]},{""ico"":""http://oss-cn-beijing.aliyuncs.com/company-test/weibo_user_logo_test/ef67c90e5df586e8cfc7aa571b1fe5c8.jpg"",""name"":""有驾"",""href"":""https://weibo.com/u/7213679249"",""info"":""有驾官方微博"",""tags"":[]},{""ico"":""http://oss-cn-beijing.aliyuncs.com/company-test/weibo_user_logo_test/b8a26614546eba0334ca660bf2c5246e.jpg"",""name"":""百度娱乐"",""href"":""https://weibo.com/u/7518374938"",""info"":"""",""tags"":[]},{""ico"":""http://oss-cn-beijing.aliyuncs.com/company-test/weibo_user_logo_test/e286c035737a21cbe3b4622daed1de26.jpg"",""name"":""百度健康"",""href"":""https://weibo.com/u/5075618359"",""info"":""健康所系，生命相托 ； 因为相信，所以坚定。"",""tags"":[]},{""ico"":""http://oss-cn-beijing.aliyuncs.com/company-test/weibo_user_logo_test/412bd19dfc8ca19bab4eea73dc869e2b.jpg"",""name"":""百度指数"",""href"":""https://weibo.com/indexprobaidu"",""info"":""百度指数是以百度海量网民行为数据为基础的数据分享平台。在这里，你可以研究关键词搜索趋势、洞察网民兴趣..."",""tags"":[""北京生活/百度指数/大数据/数据挖据""]},{""ico"":""http://oss-cn-beijing.aliyuncs.com/company-test/weibo_user_logo_test/dbb50bdeabda6fad3cc44714f0b5a79f.jpg"",""name"":""人生一CAR"",""href"":""https://weibo.com/u/7361409900"",""info"":"""",""tags"":[]},{""ico"":""http://oss-cn-beijing.aliyuncs.com/company-test/weibo_user_logo_test/784add92a8affeaffe14c26bf31cee47.jpg"",""name"":""百度通讯录小助手"",""href"":""https://weibo.com/u/2838139894"",""info"":""暂无"",""tags"":[]},{""ico"":""http://oss-cn-beijing.aliyuncs.com/company-test/weibo_user_logo_test/1a7f68362ca152baaaa9c1f9e8e49eb4.jpg"",""name"":""百度旅游"",""href"":""https://weibo.com/baidulvyou"",""info"":""百度旅游将在8月中旬进行品牌升级，届时将推出新产品。欢迎各旅游达人、摄影达人、美食达人、探店达人、潮..."",""tags"":[""户外/旅游/攻略/游记/分享/旅行感悟/摄影/自由""]},{""ico"":""http://oss-cn-beijing.aliyuncs.com/company-test/weibo_user_logo_test/fcc6859cb13fef49c5c81c52c32a86a8.jpg"",""name"":""百度知道"",""href"":""https://weibo.com/baiduzhidao"",""info"":""在百度知道，总有一个人知道你问题的答案~世界很复杂，百度更懂你"",""tags"":[""生活常识/时事/健康/知识青年/知识分享/问答平台/新奇有趣/百度知道/知道大数据/知道日报""]},{""ico"":""http://oss-cn-beijing.aliyuncs.com/company-test/weibo_user_logo_test/2ae1388c10c38638313376ee3b81237d.jpg"",""name"":""星光助益榜"",""href"":""https://weibo.com/u/7427202261"",""info"":"""",""tags"":[]},{""ico"":""http://oss-cn-beijing.aliyuncs.com/company-test/weibo_user_logo_test/c329bff15d6cc272ba3dde6c707e3731.jpg"",""name"":""百度健康医典"",""href"":""https://weibo.com/u/7400594657"",""info"":"""",""tags"":[]}]},""reason"":""ok"",""error_code"":0}",true,2023-02-10 08:37:25.669,2023-03-07 03:21:40.591
14,4,331,,3,2,,TYC-QYWXGZH,企业微信公众号,normal,http://open.api.tianyancha.com/services/open/ipr/publicWeChat/2.0,GET,none,"galaxy.external.api.auth.kv,1","{""Authorization"": ""880bee9d-f02d-4ab4-bb1f-89d34a03f03f""}","{""keyword"": ""北京百度网讯科技有限公司""}","","<p>
<span style=""color: rgb(102, 102, 102);font-size: 14px"">可以通过公司名称或ID获取企业微信公众号的有关信息，包括企业微信公众号名称、微信号、二维码、功能介绍等字段的详细信息</span>

<br></p>","{""result"":{""total"":49,""items"":[{""publicNum"":""baiduwenkuv"",""codeImg"":""https://img5.tianyancha.com/wechat/qr/33364f65ae814ecd6ec433d2f7a64c75.png@!watermark01"",""recommend"":""百度文库官方微信"",""title"":""百度文库"",""titleImgURL"":""https://img5.tianyancha.com/sogou/WeChat/212f23ee1eab4aaa1b61feb9882338dc.png@!watermark01""},{""publicNum"":""baiduzhongyi"",""codeImg"":""https://img5.tianyancha.com/wechat/qr/6d151e4c5651ff0e205ae63fbc7048e7.png@!watermark01"",""recommend"":""传播权威中医知识."",""title"":""百度中医"",""titleImgURL"":""https://img5.tianyancha.com/sogou/WeChat/8d00a0f8163725e5f0a4dbb4cf703f6f.png@!watermark01""},{""publicNum"":""love_miti"",""codeImg"":""https://img5.tianyancha.com/wechat/qr/1a60dda2ceaa457ee007d4b230af9f9e.png@!watermark01"",""recommend"":""百度高考——高中生备战高考必备神器,提供考点、刷题、错题本等服务.在不知不觉中轻松提分."",""title"":""百度高考"",""titleImgURL"":""https://img5.tianyancha.com/sogou/WeChat/6d527fa62e266a14f453b08dd4046ef1.png@!watermark01""},{""publicNum"":""nuomihsh"",""codeImg"":""https://img5.tianyancha.com/wechat/qr/c1d9df5ef1c0638bc284d7c4abf8b608.png@!watermark01"",""recommend"":""品位高又想省钱，就到百度糯米。"",""title"":""糯米生活志"",""titleImgURL"":""https://img5.tianyancha.com/sogou/WeChat/1e972b41d437ce366eba10821cc933bb.png@!watermark01""},{""publicNum"":""zhuomianbaidu88"",""codeImg"":""https://img5.tianyancha.com/wechat/qr/3dd1f6bca098eecf92e2ef92ac31c094.png@!watermark01"",""recommend"":""语音搜索一问即知，天气、翻译、影视、百科、小说一搜即得，截图、微信等热门应用，获取信息和服务更高效愉悦"",""title"":""桌面百度"",""titleImgURL"":""https://img5.tianyancha.com/sogou/WeChat/137b383f561cd75d95ec8c3768f7ec30.png@!watermark01""},{""publicNum"":""baiduEnews"",""codeImg"":""https://img5.tianyancha.com/wechat/qr/0785ddb551372e03751693fe1acc3913.png@!watermark01"",""recommend"":""百度娱乐官方平台，关注娱乐人物，公布独家数据，汇聚百家言论。"",""title"":""百度娱乐人物"",""titleImgURL"":""https://img5.tianyancha.com/sogou/WeChat/00302f13446656a47268edc5ebb22865.png@!watermark01""},{""publicNum"":""gh_b9553a292857"",""codeImg"":""https://img5.tianyancha.com/wechat/qr/a38f9c7a72503dcaf81ce48d3b0dd678.png@!watermark01"",""recommend"":""百度智能汽车是领先的智能汽车软件方案提供商,专注于向汽车制造商、Tier1厂商、芯片厂商以及服务提供商等在内的合作伙伴提供L3级自动驾驶软件服务."",""title"":""百度智慧汽车"",""titleImgURL"":""https://img5.tianyancha.com/sogou/WeChat/aee376cbf6f6979bdf94e452b565bb50.png@!watermark01""},{""publicNum"":""baiduadview"",""codeImg"":""https://img5.tianyancha.com/wechat/qr/970da16e72047c921572212395bfba94.png@!watermark01"",""recommend"":""以百度的视角观察广告行业的动态和趋势，为广告主提供基于百度基因的整合营销咨询解决方案"",""title"":""百度广告观"",""titleImgURL"":""https://img5.tianyancha.com/sogou/WeChat/89bc3e015a618e69a011586c3e844399.png@!watermark01""},{""publicNum"":""gh_25643c33bab0"",""codeImg"":""https://img5.tianyancha.com/wechat/qr/bf757d12df211be9896a701887684938.png@!watermark01"",""recommend"":""百度律师平台主营知识产权,合同文书,商标注册,法律咨询,投资融资、资质办理、纠纷调处等7大类专业法律服务.旨在为中小企业客户提供专业、优质、高效、便捷的一站式『可依赖』的法律服务平台."",""title"":""百度律师"",""titleImgURL"":""https://img5.tianyancha.com/sogou/WeChat/fba0e29181a74e27b637f822cb4b9081.png@!watermark01""},{""publicNum"":""v_baiduyunwangpan"",""codeImg"":""https://img5.tianyancha.com/wechat/qr/bd08368d87e64a8695ff39185384fc04.png@!watermark01"",""recommend"":""百度网盘大中华区官方驻外形象大使"",""title"":""百度网盘"",""titleImgURL"":""https://img5.tianyancha.com/sogou/WeChat/80f7fe0459861aae187f3701d200177d.png@!watermark01""},{""publicNum"":""miyingshe"",""codeImg"":""https://img5.tianyancha.com/wechat/qr/bc836035ad6ffcabdf89b4be7777dc42.png@!watermark01"",""recommend"":""每个人的生活都是一场电影"",""title"":""百度糯米迷影社"",""titleImgURL"":""https://img5.tianyancha.com/sogou/WeChat/dd8c9e3b0183f5edf3af75a27d1e398e.png@!watermark01""},{""publicNum"":""gh_3354b3f4dcab"",""codeImg"":""https://img5.tianyancha.com/wechat/qr/a4f5f2d2ea02fb186635662ed2996df4.png@!watermark01"",""recommend"":""房子是租来的,但生活不是,美好生活就在百度租房月付!"",""title"":""租房月付"",""titleImgURL"":""https://img5.tianyancha.com/sogou/WeChat/34033c600df291a9e6e438e764af960f.png@!watermark01""},{""publicNum"":""baidu_baijia"",""codeImg"":""https://img5.tianyancha.com/wechat/qr/0df2f988d3d1f3c141bf372b3c8f3159.png@!watermark01"",""recommend"":""百度旗下自媒体平台,国内最具影响力的原创自媒体平台之一.此为官方唯一公众号,欢迎关注."",""title"":""百度百家"",""titleImgURL"":""https://img5.tianyancha.com/sogou/WeChat/54c2ded5f4e09822f909e5492ff71851.png@!watermark01""},{""publicNum"":""baiduqianbao"",""codeImg"":""https://img5.tianyancha.com/wechat/qr/6e7e39c424cd5efba3e679f5171db76e.png@!watermark01"",""recommend"":""百度旗下支付平台官方帐号.24小时客服服务电话:1010-0066;客服邮箱:wallet-kefu@baidu.com.官网:qianbao.baidu.com."",""title"":""百度钱包"",""titleImgURL"":""https://img5.tianyancha.com/sogou/WeChat/a658e308f4da703b98e239f6ed9160e4.png@!watermark01""},{""publicNum"":""baidu_youxi"",""codeImg"":""https://img5.tianyancha.com/wechat/qr/059f38cf46994e9428c61f1224e8c50c.png@!watermark01"",""recommend"":""百度游戏，让快乐更简单！百度游戏系百度集团游戏业务的唯一执行实体，基于多平台游戏产品，向用户提供丰富的互动娱乐内容及服务。"",""title"":""百度游戏"",""titleImgURL"":""https://img5.tianyancha.com/sogou/WeChat/b95a025b8b830498c1f52be64506cc2f.png@!watermark01""},{""publicNum"":""baiduyaozhida"",""codeImg"":""https://img5.tianyancha.com/wechat/qr/4e6abdf0d42b2d543779b6737e027c01.png@!watermark01"",""recommend"":""百度药直达是百度旗下全新应用,以“连接人与服务为宗旨”.只需在手机百度输入“药品”“药店”等关键词即可实现选药、购买、送药等一站式服务."",""title"":""药直达"",""titleImgURL"":""https://img5.tianyancha.com/sogou/WeChat/79ccfbb92bfded947db37408ad290e77.png@!watermark01""},{""publicNum"":""baiduyouke"",""codeImg"":""https://img5.tianyancha.com/wechat/qr/5cc00f61b1119198c342e09ebd17984a.png@!watermark01"",""recommend"":""专为K12教师定制的服务咨询，这里有关互联网+教研的一切"",""title"":""百度优课"",""titleImgURL"":""https://img5.tianyancha.com/sogou/WeChat/8e1c89b1d989e2c3de0d39712bf8be1a.png@!watermark01""},{""publicNum"":""lmysxhz"",""codeImg"":""https://img5.tianyancha.com/wechat/qr/5f150285d8be2010706182fa763a4c4a.png@!watermark01"",""recommend"":""「辣妈遇上熊孩子」最有故事的母婴平台，让你一手玩转熊孩子！"",""title"":""辣妈遇上熊孩子"",""titleImgURL"":""https://img5.tianyancha.com/sogou/WeChat/a7d3c54a2be441b0ef279d3d9b003002.png@!watermark01""},{""publicNum"":""gh_4a04fd4e4791"",""codeImg"":""https://img5.tianyancha.com/wechat/qr/2dc647d12cac9e8e0956a80536b547ed.png@!watermark01"",""recommend"":""基于你的照片、短视频内容,轻松让生活与你相遇."",""title"":""小度拾相"",""titleImgURL"":""https://img5.tianyancha.com/sogou/WeChat/84ff071709f10271e9d3ca770273c4b6.png@!watermark01""},{""publicNum"":""baiduxueshu"",""codeImg"":""https://img5.tianyancha.com/wechat/qr/56d16d46e02226ae46e5ee554fd4237b.png@!watermark01"",""recommend"":""开拓学术视野，扩展思考深度。\r\n为您带来新鲜有趣的学术信息和有用的知识工具。"",""title"":""百度学术"",""titleImgURL"":""https://img5.tianyancha.com/sogou/WeChat/3688060e7ceec5606a8a812dfaba53ba.png@!watermark01""}]},""reason"":""ok"",""error_code"":0}",true,2023-02-10 09:12:35.042,2023-03-07 03:21:45.568
15,4,331,,3,2,,TYC-ZZZS,资质证书,normal,http://open.api.tianyancha.com/services/open/m/certificate/2.0,GET,none,"galaxy.external.api.auth.kv,1","{""Authorization"": ""880bee9d-f02d-4ab4-bb1f-89d34a03f03f""}","{""keyword"": ""北京百度网讯科技有限公司""}","","<p>
<span style=""color: rgb(102, 102, 102);font-size: 14px"">可以通过公司名称或ID获取企业资质证书信息，企业资质证书信息包括证书类型、证书编号、发证日期等字段的详细信息</span>

<br></p>","{""result"":null,""reason"":""无数据"",""error_code"":300000}",true,2023-02-10 09:23:51.396,2023-03-03 02:55:59.324
16,4,331,,,2,,TYC-QYGYS,企业供应商,normal,http://open.api.tianyancha.com/services/open/m/supply/2.0,GET,none,"galaxy.external.api.auth.kv,1","","{""keyword"": ""北京百度网讯科技有限公司""}","","<p>
<span style=""color: rgb(102, 102, 102);font-size: 14px"">可以通过公司名称或ID获取企业相关供应商信息，企业相关供应商信息包括供应商、采购占比、采购金额、报告期等字段的详细信息</span>

<br></p>","{""result"":{""suppliesYear"":[{""title"":""全部年份"",""value"":""-100""},{""title"":""2022(8)"",""value"":""2022""},{""title"":""2021(9)"",""value"":""2021""},{""title"":""2020(14)"",""value"":""2020""},{""title"":""2019(11)"",""value"":""2019""},{""title"":""2018(14)"",""value"":""2018""},{""title"":""2017(26)"",""value"":""2017""},{""title"":""2016(43)"",""value"":""2016""},{""title"":""2015(22)"",""value"":""2015""},{""title"":""2014(10)"",""value"":""2014""}],""pageBean"":{""result"":[{""supplier_graphId"":3263719219,""announcement_date"":1666108800000,""amt"":""983.86"",""logo"":""https://img5.tianyancha.com/logo/lll/64c1ab23ce1e23c7f8f445729854d900.png@!f_200x200"",""alias"":""睿鸿网络"",""supplier_name"":""江苏睿鸿网络技术股份有限公司"",""relationship"":""无关联关系"",""dataSource"":""年报"",""ratio"":""""},{""supplier_graphId"":24622547,""announcement_date"":1651161600000,""amt"":""605.31"",""logo"":""https://img5.tianyancha.com/logo/lll/b5726f8b2f2f7a9739df0d19cb60d6cb.png@!f_200x200"",""alias"":""全网数商"",""supplier_name"":""北京全网数商科技股份有限公司"",""relationship"":""无关联关系"",""dataSource"":""年报"",""ratio"":""""},{""supplier_graphId"":24720418,""announcement_date"":1650988800000,""amt"":""421.33"",""logo"":""https://img5.tianyancha.com/logo/lll/d5fb89ba0793d4bd9a8ebf4e80b05024.png@!f_200x200"",""alias"":""数据堂"",""supplier_name"":""数据堂（北京）科技股份有限公司"",""relationship"":""无关联关系"",""dataSource"":""年报"",""ratio"":""""},{""supplier_graphId"":24757677,""announcement_date"":1650988800000,""amt"":""13.73"",""logo"":""https://img5.tianyancha.com/logo/lll/c321aaaa5b8527a223d2c43e55782ecc.png@!f_200x200"",""alias"":""掌上通"",""supplier_name"":""北京掌上通网络技术股份有限公司"",""relationship"":""无关联关系"",""dataSource"":""年报"",""ratio"":""""},{""supplier_graphId"":516445279,""announcement_date"":1650902400000,""amt"":""433.69"",""logo"":""https://img5.tianyancha.com/logo/lll/848713728132bbed9934b00aca4e66bc.png@!f_200x200"",""alias"":""世纪金政"",""supplier_name"":""北京世纪金政信息技术股份有限公司"",""relationship"":""无关联关系"",""dataSource"":""年报"",""ratio"":""""},{""supplier_graphId"":2353608417,""announcement_date"":1650902400000,""amt"":""4425.54"",""logo"":""https://img5.tianyancha.com/logo/lll/0237806827689f23584dde5ca039b386.png@!f_200x200"",""alias"":""朗玛"",""supplier_name"":""贵阳朗玛信息技术股份有限公司"",""relationship"":"""",""dataSource"":""年报"",""ratio"":""""},{""supplier_graphId"":196994467,""announcement_date"":1648396800000,""amt"":""3954.25"",""logo"":""https://img5.tianyancha.com/logo/lll/2fa00f5166d1e211a3538dd7b8d601e6.png@!f_200x200"",""alias"":""挖金客"",""supplier_name"":""北京挖金客信息科技股份有限公司"",""relationship"":"""",""dataSource"":""年报"",""ratio"":""""},{""supplier_graphId"":3351862540,""announcement_date"":1647360000000,""amt"":""3924.12"",""logo"":""https://img5.tianyancha.com/logo/lll/a3ca09b006a1d094feba952190d8aabf.png@!f_200x200"",""alias"":""天一恩"",""supplier_name"":""北京天一恩华科技股份有限公司"",""relationship"":""无关联关系"",""dataSource"":""年报"",""ratio"":""""},{""supplier_graphId"":18442543,""announcement_date"":1626364800000,""amt"":""1181.81"",""logo"":""https://img5.tianyancha.com/logo/lll/8986355a96f91313d10ee2a3891ccbf3.png@!f_200x200"",""alias"":""浪潮电子"",""supplier_name"":""浪潮电子信息产业股份有限公司"",""relationship"":"""",""dataSource"":""招投标公告"",""ratio"":""""},{""supplier_graphId"":18442543,""announcement_date"":1626364800000,""amt"":""312.21"",""logo"":""https://img5.tianyancha.com/logo/lll/8986355a96f91313d10ee2a3891ccbf3.png@!f_200x200"",""alias"":""浪潮电子"",""supplier_name"":""浪潮电子信息产业股份有限公司"",""relationship"":"""",""dataSource"":""招投标公告"",""ratio"":""""},{""supplier_graphId"":3459395402,""announcement_date"":1624982400000,""amt"":""3658.78"",""logo"":""https://img5.tianyancha.com/logo/lll/cfe59d32ea6fd3d18cb550d2b76d9f44.png@!f_200x200"",""alias"":""商中在线"",""supplier_name"":""商中在线科技股份有限公司"",""relationship"":""无关联关系"",""dataSource"":""年报"",""ratio"":""""},{""supplier_graphId"":24720418,""announcement_date"":1619712000000,""amt"":""566.95"",""logo"":""https://img5.tianyancha.com/logo/lll/d5fb89ba0793d4bd9a8ebf4e80b05024.png@!f_200x200"",""alias"":""数据堂"",""supplier_name"":""数据堂（北京）科技股份有限公司"",""relationship"":""无关联关系"",""dataSource"":""年报"",""ratio"":""""},{""supplier_graphId"":2349112832,""announcement_date"":1619625600000,""amt"":""29.04"",""logo"":""https://img5.tianyancha.com/logo/lll/2f8cdc611451feebb173a726c838555c.png@!f_200x200"",""alias"":""卅思云"",""supplier_name"":""北京卅思云科技股份有限公司"",""relationship"":""无关联关系"",""dataSource"":""年报"",""ratio"":""""},{""supplier_graphId"":2358353312,""announcement_date"":1619539200000,""amt"":""361.10"",""logo"":""https://img5.tianyancha.com/logo/lll/345d6de1c19612e8d1133134f95df81d.png@!f_200x200"",""alias"":""红岭云"",""supplier_name"":""云南红岭云科技股份有限公司"",""relationship"":""无关联关系"",""dataSource"":""年报"",""ratio"":""""},{""supplier_graphId"":2350685860,""announcement_date"":1619452800000,""amt"":""321.63"",""logo"":""https://img5.tianyancha.com/logo/lll/7e664dfde56a4e7fe1418f7cbe6602ff.png@!f_200x200"",""alias"":""迈拓港湾"",""supplier_name"":""保定迈拓港湾科技发展股份有限公司"",""relationship"":""无关联关系"",""dataSource"":""年报"",""ratio"":""""},{""supplier_graphId"":2353608417,""announcement_date"":1619193600000,""amt"":""3817.50"",""logo"":""https://img5.tianyancha.com/logo/lll/0237806827689f23584dde5ca039b386.png@!f_200x200"",""alias"":""朗玛"",""supplier_name"":""贵阳朗玛信息技术股份有限公司"",""relationship"":"""",""dataSource"":""年报"",""ratio"":""""},{""supplier_graphId"":2326804521,""announcement_date"":1616428800000,""amt"":""862.85"",""logo"":""https://img5.tianyancha.com/logo/lll/e8e952c48f0dc0b5c56378c43d8196a2.png@!f_200x200"",""alias"":""远峰"",""supplier_name"":""远峰科技股份有限公司"",""relationship"":"""",""dataSource"":""年报"",""ratio"":""""},{""supplier_graphId"":3074604407,""announcement_date"":1603641600000,""amt"":"""",""logo"":"""",""alias"":""小马识途"",""supplier_name"":""唐山小马识途企业管理咨询有限公司"",""relationship"":"""",""dataSource"":""司法数据"",""ratio"":""""},{""supplier_graphId"":2349112832,""announcement_date"":1598371200000,""amt"":""29.04"",""logo"":""https://img5.tianyancha.com/logo/lll/2f8cdc611451feebb173a726c838555c.png@!f_200x200"",""alias"":""卅思云"",""supplier_name"":""北京卅思云科技股份有限公司"",""relationship"":"""",""dataSource"":""年报"",""ratio"":""3.05%""},{""supplier_graphId"":2344333881,""announcement_date"":1597680000000,""amt"":""8.27"",""logo"":""https://img5.tianyancha.com/logo/lll/59fa2f4a2fc2a4daa48e9dfbf3d7b467.png@!f_200x200"",""alias"":""自然盛景"",""supplier_name"":""厦门仙侠网络股份有限公司"",""relationship"":"""",""dataSource"":""年报"",""ratio"":""5.54%""}],""total"":157}},""reason"":""ok"",""error_code"":0}",true,2023-02-10 09:40:31.127,2023-03-07 03:21:21.818
17,4,331,,,2,,TYC-QYKH,企业客户,normal,http://open.api.tianyancha.com/services/open/m/customer/2.0,GET,none,"galaxy.external.api.auth.kv,1","","{""keyword"": ""北京百度网讯科技有限公司""}","","<p>
<span style=""color: rgb(102, 102, 102);font-size: 14px"">可以通过公司名称或ID获取企业相关客户信息，企业相关客户信息包括客户、销售占比、销售金额、报告期等字段的详细信息</span>

<br></p>","{""result"":{""clientsYear"":[{""title"":""全部年份"",""value"":""-100""},{""title"":""2023(26)"",""value"":""2023""},{""title"":""2022(213)"",""value"":""2022""},{""title"":""2021(112)"",""value"":""2021""},{""title"":""2020(80)"",""value"":""2020""},{""title"":""2019(80)"",""value"":""2019""},{""title"":""2018(35)"",""value"":""2018""},{""title"":""2017(23)"",""value"":""2017""},{""title"":""2016(11)"",""value"":""2016""},{""title"":""2015(8)"",""value"":""2015""},{""title"":""2013(1)"",""value"":""2013""}],""pageBean"":{""result"":[{""announcement_date"":1676822400000,""amt"":""223.20"",""logo"":"""",""alias"":""建设投资"",""client_graphId"":2464901958,""relationship"":"""",""client_name"":""宁都县城市建设投资集团有限公司"",""dataSource"":""招投标公告"",""ratio"":""""},{""announcement_date"":1676822400000,""amt"":""2232000.00"",""logo"":"""",""alias"":""建设投资"",""client_graphId"":2464901958,""relationship"":"""",""client_name"":""宁都县城市建设投资集团有限公司"",""dataSource"":""招投标公告"",""ratio"":""""},{""announcement_date"":1676390400000,""amt"":"""",""logo"":""https://img5.tianyancha.com/logo/lll/71b51dcae167fac44eab3e28e0fc9b35.png@!f_200x200"",""alias"":""银行股份"",""client_graphId"":6428902,""relationship"":"""",""client_name"":""北京银行股份有限公司"",""dataSource"":""招投标公告"",""ratio"":""""},{""announcement_date"":1676304000000,""amt"":"""",""logo"":""https://img5.tianyancha.com/logo/lll/53edd442268f3e6959cff254662c4a43.png@!f_200x200"",""alias"":"""",""client_graphId"":0,""relationship"":"""",""client_name"":""中国人保财险浙江省分公司"",""dataSource"":""招投标公告"",""ratio"":""""},{""announcement_date"":1676304000000,""amt"":"""",""logo"":"""",""alias"":""烟草公司"",""client_graphId"":1418988469,""relationship"":"""",""client_name"":""贵州省烟草公司安顺市公司"",""dataSource"":""招投标公告"",""ratio"":""""},{""announcement_date"":1675785600000,""amt"":""120.00"",""logo"":""https://img5.tianyancha.com/logo/lll/b897fb26fb377d0313c94dbdbb701a0b.png@!f_200x200"",""alias"":"""",""client_graphId"":22448805,""relationship"":"""",""client_name"":""中国光大银行股份有限公司"",""dataSource"":""招投标公告"",""ratio"":""""},{""announcement_date"":1675440000000,""amt"":"""",""logo"":""https://img5.tianyancha.com/logo/lll/7ce55e042fd5beb6e9166f27a0e84b4e.png@!f_200x200"",""alias"":""中国联合"",""client_graphId"":3451729266,""relationship"":"""",""client_name"":""中国联合网络通信有限公司智网创新中心"",""dataSource"":""招投标公告"",""ratio"":""""},{""announcement_date"":1675267200000,""amt"":"""",""logo"":""https://img5.tianyancha.com/logo/lll/d1c89ff1e3e6f3dfba768463397c2bcd.png@!f_200x200"",""alias"":""国际"",""client_graphId"":1412935087,""relationship"":"""",""client_name"":""银联国际有限公司"",""dataSource"":""招投标公告"",""ratio"":""""},{""announcement_date"":1675008000000,""amt"":""450.00"",""logo"":""https://img5.tianyancha.com/logo/lll/a9ff77e98529731d24a9eb7e17f1db18.png@!f_200x200"",""alias"":""海洋石油"",""client_graphId"":3114495038,""relationship"":"""",""client_name"":""中国海洋石油集团有限公司"",""dataSource"":""招投标公告"",""ratio"":""""},{""announcement_date"":1674057600000,""amt"":"""",""logo"":""https://img5.tianyancha.com/logo/lll/5536b4ef31e12e8712717e7ebb7615df.png@!f_200x200"",""alias"":"""",""client_graphId"":202898300,""relationship"":"""",""client_name"":""上海浦东发展银行股份有限公司"",""dataSource"":""招投标公告"",""ratio"":""""},{""announcement_date"":1674057600000,""amt"":"""",""logo"":""https://img5.tianyancha.com/logo/lll/53edd442268f3e6959cff254662c4a43.png@!f_200x200"",""alias"":"""",""client_graphId"":0,""relationship"":"""",""client_name"":""上海浦东发展银行总行信用卡中心"",""dataSource"":""招投标公告"",""ratio"":""""},{""announcement_date"":1674057600000,""amt"":""442.48"",""logo"":""https://img5.tianyancha.com/logo/lll/a83bf0bb7e55553a2195d05dc66dc724.png@!f_200x200"",""alias"":""道达天际"",""client_graphId"":25359153,""relationship"":""无关联关系"",""client_name"":""北京道达天际科技股份有限公司"",""dataSource"":""客户公告"",""ratio"":""5.54%""},{""announcement_date"":1673884800000,""amt"":""13578.97"",""logo"":"""",""alias"":""滨海临空"",""client_graphId"":3158398121,""relationship"":"""",""client_name"":""福州滨海临空开发建设有限公司"",""dataSource"":""招投标公告"",""ratio"":""""},{""announcement_date"":1673884800000,""amt"":""733.00"",""logo"":""https://img5.tianyancha.com/logo/lll/941ba63719720f7b0cab87ff5d94a26a.png@!f_200x200"",""alias"":""中金金融"",""client_graphId"":26161954,""relationship"":"""",""client_name"":""中金金融认证中心有限公司"",""dataSource"":""招投标公告"",""ratio"":""""},{""announcement_date"":1673539200000,""amt"":"""",""logo"":""https://img5.tianyancha.com/logo/lll/e1260323573b9fb71f3ccf5e95216073.png@!f_200x200"",""alias"":""中国移动"",""client_graphId"":22055182,""relationship"":"""",""client_name"":""中国移动通信集团设计院有限公司"",""dataSource"":""招投标公告"",""ratio"":""""},{""announcement_date"":1673539200000,""amt"":"""",""logo"":""https://img5.tianyancha.com/logo/lll/aec502659a49355983c28d31d298baf1.png@!f_200x200"",""alias"":""信用社"",""client_graphId"":7954051,""relationship"":"""",""client_name"":""吉林省农村信用社联合社"",""dataSource"":""招投标公告"",""ratio"":""""},{""announcement_date"":1673193600000,""amt"":"""",""logo"":""https://img5.tianyancha.com/logo/lll/5862884dbfe24b6c72188e6f0629ed4e.png@!f_200x200"",""alias"":""银行股份"",""client_graphId"":583481931,""relationship"":"""",""client_name"":""中原银行股份有限公司"",""dataSource"":""招投标公告"",""ratio"":""""},{""announcement_date"":1672848000000,""amt"":"""",""logo"":"""",""alias"":""公安局"",""client_graphId"":4450723571,""relationship"":"""",""client_name"":""邢台市南和区公安局交通警察大队"",""dataSource"":""招投标公告"",""ratio"":""""},{""announcement_date"":1672848000000,""amt"":"""",""logo"":""https://img5.tianyancha.com/logo/lll/aec502659a49355983c28d31d298baf1.png@!f_200x200"",""alias"":""信用社"",""client_graphId"":7954051,""relationship"":"""",""client_name"":""吉林省农村信用社联合社"",""dataSource"":""招投标公告"",""ratio"":""""},{""announcement_date"":1672848000000,""amt"":"""",""logo"":""https://img5.tianyancha.com/logo/lll/a7e254fd9ceb0430276d54efb8d88e1f.png@!f_200x200"",""alias"":""建信金融"",""client_graphId"":3174389435,""relationship"":"""",""client_name"":""建信金融科技有限责任公司"",""dataSource"":""招投标公告"",""ratio"":""""}],""total"":589}},""reason"":""ok"",""error_code"":0}",true,2023-02-10 09:43:18.633,2023-03-07 03:21:30.803
18,4,912,330,22,,23,ALY-ALYSC-SFZSB,身份证识别,normal,http://cardnumber.market.alicloudapi.com/rest/160601/ocr/ocr_idcard.json,POST,json,"galaxy.external.api.auth.kv,2","{""Content-Type"": ""application/json; charset=UTF-8"", ""Authorization"": ""APPCODE b1220a3817924924949174f500c48169""}","","{""image"": 1, ""configure"": 1}","<p>
<span style=""color: rgb(24, 24, 24);font-size: 14px"">身份证识别：支持正反面/多民族/生僻字识别、具备完整度/复印件/翻拍检测、反光/水印识别、图像智能旋转/畸变矫正/分辨率增强、人像检测等高精度识别能力</span>

<br></p>","{""address"":""湖南省茶陵县枣市镇曹柏村坳头005号"",""angle"":0,""birth"":""19980104"",""card_region"":[{""x"":0,""y"":4},{""x"":413,""y"":4},{""x"":433,""y"":269},{""x"":0,""y"":274}],""config_str"":""{\""side\"":\""face\""}"",""face_rect"":{""angle"":0,""center"":{""x"":328,""y"":124},""size"":{""height"":153,""width"":131}},""face_rect_vertices"":[{""x"":392,""y"":199},{""x"":262,""y"":199},{""x"":262,""y"":47},{""x"":392,""y"":47}],""is_fake"":false,""name"":""唐陵寒"",""nationality"":""汉"",""num"":""43022419980104391X"",""request_id"":""618AE67A-E6D5-4332-88F3-EEBDFF731211"",""sex"":""男"",""success"":true}",true,2023-02-10 10:38:34.960,2023-03-07 03:30:16.881
19,4,331,,,2,,TYC-XZCF,行政处罚,normal,http://open.api.tianyancha.com/services/open/mr/punishmentInfo/3.0,GET,none,"galaxy.external.api.auth.kv,1","","{""keyword"": ""北京百度网讯科技有限公司""}","","<p>
<span style=""color: rgb(102, 102, 102);font-size: 14px"">可以通过公司名称或ID获取企业行政处罚信息，行政处罚信息包括处罚日期、决定书文号、处罚事由/违法行为类型、处罚结果/内容、处罚单位、数据来源等信息</span>

<br></p>","{""result"":null,""reason"":""无数据"",""error_code"":300000}",true,2023-02-13 02:13:37.108,2023-03-03 02:53:30.764
20,4,331,,3,2,,TYC-YCML,异常名录,normal,http://open.api.tianyancha.com/services/open/mr/abnormal/2.0,GET,none,"galaxy.external.api.auth.kv,1","{""Authorization"": ""880bee9d-f02d-4ab4-bb1f-89d34a03f03f""}","{""keyword"": ""北京百度网讯科技有限公司""}","","<p>
<span style=""color: rgb(102, 102, 102);font-size: 14px"">可以通过公司名称或ID获取企业经营异常信息，经营异常信息包括列入/移除原因、时间、做出决定机关等字段的详细信息</span>

<br></p>","{""result"":null,""reason"":""无数据"",""error_code"":300000}",true,2023-02-13 02:29:14.726,2023-03-07 03:24:17.378
21,4,331,331,3,2,,TYC-DYDJ,抵押登记,normal,http://open.api.tianyancha.com/services/open/mr/mortgageInfo/2.0,GET,none,"galaxy.external.api.auth.kv,1","{""Authorization"": false}","{""keyword"": ""北京百度网讯科技有限公司""}","","<p>
<span style=""color: rgb(102, 102, 102);font-size: 14px"">可以通过公司名称或ID获取企业动产抵押公告信息，企业动产抵押公告信息包括被担保债权类型、数额、登记机关等字段信息</span>

<br></p>","{""result"":null,""reason"":""无数据"",""error_code"":300000}",true,2023-02-13 02:51:19.021,2023-03-07 03:20:40.889
22,4,331,,,2,,TYC-QYSB,企业商标信息,normal,http://open.api.tianyancha.com/services/open/ipr/tm/2.0,GET,none,"galaxy.external.api.auth.kv,1","","{""keyword"": ""北京百度网讯科技有限公司""}","","<p>
<span style=""color: rgb(102, 102, 102);font-size: 14px"">可以通过公司名称或ID获取商标的有关信息，包括商标图片、注册号、国际分类等字段的详细信息</span>

<br></p>","{""result"":null,""reason"":""无数据"",""error_code"":300000}",true,2023-02-13 06:23:19.036,2023-03-07 03:21:35.699
24,4,331,,3,2,,TYC-QYZL,企业专利信息,normal,http://open.api.tianyancha.com/services/open/ipr/patents/3.0,GET,none,"galaxy.external.api.auth.kv,1","{""Authorization"": ""880bee9d-f02d-4ab4-bb1f-89d34a03f03f""}","{""keyword"": ""111111""}","","<p>
<span style=""color: rgb(102, 102, 102);font-size: 14px"">可以通过公司名称或ID获取专利的有关信息，包括专利名称、申请号、申请公布号等字段的详细信息</span>

<br></p>","{""result"":null,""reason"":""无数据"",""error_code"":300000}",true,2023-02-13 06:31:10.612,2023-03-07 03:21:49.660
25,4,331,,3,2,,TYC-RJZZQ,软件著作权,normal,http://open.api.tianyancha.com/services/open/ipr/copyReg/2.0,GET,none,"galaxy.external.api.auth.kv,1","{""Authorization"": ""880bee9d-f02d-4ab4-bb1f-89d34a03f03f""}","{""keyword"": ""北京百度网讯科技有限公司""}","","<p>
<span style=""color: rgb(102, 102, 102);font-size: 14px"">可以通过公司名称或ID获取软件著作权的有关信息，包括软件名称、登记号、分类号、版本号等字段的详细信息</span>

<br></p>","{""result"":{""total"":""699"",""items"":[{""regtime"":""1676217600000"",""connList"":[],""searchType"":"""",""_type"":"""",""simplename"":""百度iDoc"",""catnum"":"""",""version"":""V1.3.1"",""uni"":"""",""publishtime"":""1590940800000"",""eventTime"":"""",""authorNationality"":""北京百度网讯科技有限公司"",""regnum"":""2023SR0227820"",""id"":""70000735"",""fullname"":""百度文档管理iDoc平台""},{""regtime"":""1676217600000"",""connList"":[],""searchType"":"""",""_type"":"""",""simplename"":""百度iReport"",""catnum"":"""",""version"":""V1.3.1"",""uni"":"""",""publishtime"":""1590940800000"",""eventTime"":"""",""authorNationality"":""北京百度网讯科技有限公司"",""regnum"":""2023SR0227930"",""id"":""70000747"",""fullname"":""百度效能度量iReport平台""},{""regtime"":""1676217600000"",""connList"":[],""searchType"":"""",""_type"":"""",""simplename"":""百度iRepo"",""catnum"":"""",""version"":""V2.0.1"",""uni"":"""",""publishtime"":""1661961600000"",""eventTime"":"""",""authorNationality"":""北京百度网讯科技有限公司"",""regnum"":""2023SR0227939"",""id"":""70000750"",""fullname"":""百度制品管理iRepo平台""},{""regtime"":""1675872000000"",""connList"":[],""searchType"":"""",""_type"":"""",""simplename"":""CDSS"",""catnum"":"""",""version"":""V3.0"",""uni"":"""",""publishtime"":""1668614400000"",""eventTime"":"""",""authorNationality"":""北京百度网讯科技有限公司"",""regnum"":""2023SR0215483"",""id"":""69991381"",""fullname"":""临床决策支持系统""},{""regtime"":""1672934400000"",""connList"":[],""searchType"":"""",""_type"":"""",""simplename"":""原油指数预测"",""catnum"":"""",""version"":""V1.0"",""uni"":"""",""publishtime"":""1665331200000"",""eventTime"":"""",""authorNationality"":""北京百度网讯科技有限公司"",""regnum"":""2023SR0034076"",""id"":""69894304"",""fullname"":""小切口原油指数预测软件""},{""regtime"":""1672934400000"",""connList"":[],""searchType"":"""",""_type"":"""",""simplename"":""度知了"",""catnum"":"""",""version"":""V1.9.0"",""uni"":"""",""publishtime"":"""",""eventTime"":"""",""authorNationality"":""北京百度网讯科技有限公司"",""regnum"":""2023SR0034127"",""id"":""69894115"",""fullname"":""度知了APP""},{""regtime"":""1671292800000"",""connList"":[],""searchType"":"""",""_type"":"""",""simplename"":""运维管理系统"",""catnum"":"""",""version"":""V1.1"",""uni"":"""",""publishtime"":""1661270400000"",""eventTime"":"""",""authorNationality"":""北京百度网讯科技有限公司"",""regnum"":""2022SR1584759"",""id"":""69843840"",""fullname"":""百度智能云开物运维管理系统""},{""regtime"":""1671033600000"",""connList"":[],""searchType"":"""",""_type"":"""",""simplename"":""并行文件存储"",""catnum"":"""",""version"":""V1.0"",""uni"":"""",""publishtime"":""1600531200000"",""eventTime"":"""",""authorNationality"":""北京百度网讯科技有限公司"",""regnum"":""2022SR1573171"",""id"":""69835675"",""fullname"":""PFS并行文件存储管理软件""},{""regtime"":""1668960000000"",""connList"":[],""searchType"":"""",""_type"":"""",""simplename"":""智能模拟面试"",""catnum"":"""",""version"":""V1.0"",""uni"":"""",""publishtime"":""1660838400000"",""eventTime"":"""",""authorNationality"":""北京百度网讯科技有限公司"",""regnum"":""2022SR1553750"",""id"":""69797145"",""fullname"":""百度智能招聘-智能模拟面试软件""},{""regtime"":""1668700800000"",""connList"":[],""searchType"":"""",""_type"":"""",""simplename"":""分类分级系统"",""catnum"":"""",""version"":""V1.2"",""uni"":"""",""publishtime"":""1654790400000"",""eventTime"":"""",""authorNationality"":""北京百度网讯科技有限公司"",""regnum"":""2022SR1545782"",""id"":""69786897"",""fullname"":""数据资产梳理与分类分级系统""},{""regtime"":""1668700800000"",""connList"":[],""searchType"":"""",""_type"":"""",""simplename"":""云聚 货运聚合"",""catnum"":"""",""version"":""V1.0"",""uni"":"""",""publishtime"":""1662652800000"",""eventTime"":"""",""authorNationality"":""北京百度网讯科技有限公司"",""regnum"":""2022SR1539500"",""id"":""69785181"",""fullname"":""物流云聚合平台""},{""regtime"":""1668700800000"",""connList"":[],""searchType"":"""",""_type"":"""",""simplename"":""车机地图"",""catnum"":"""",""version"":""V5.0"",""uni"":"""",""publishtime"":""1638547200000"",""eventTime"":"""",""authorNationality"":""北京百度网讯科技有限公司"",""regnum"":""2022SR1539743"",""id"":""69785222"",""fullname"":""百度车机地图主线软件""},{""regtime"":""1668700800000"",""connList"":[],""searchType"":"""",""_type"":"""",""simplename"":""数据库网关"",""catnum"":"""",""version"":""V1.2"",""uni"":"""",""publishtime"":""1660060800000"",""eventTime"":"""",""authorNationality"":""北京百度网讯科技有限公司"",""regnum"":""2022SR1544062"",""id"":""69786575"",""fullname"":""数据库安全网关系统""},{""regtime"":""1668528000000"",""connList"":[],""searchType"":"""",""_type"":"""",""simplename"":""Drive OS"",""catnum"":"""",""version"":""V22.06"",""uni"":"""",""publishtime"":""1656518400000"",""eventTime"":"""",""authorNationality"":""北京百度网讯科技有限公司"",""regnum"":""2022SR1509451"",""id"":""69772390"",""fullname"":""阿波罗自动驾驶操作系统""},{""regtime"":""1668528000000"",""connList"":[],""searchType"":"""",""_type"":"""",""simplename"":""IDC节能"",""catnum"":"""",""version"":""V1.0"",""uni"":"""",""publishtime"":""1656604800000"",""eventTime"":"""",""authorNationality"":""北京百度网讯科技有限公司"",""regnum"":""2022SR1515401"",""id"":""69773799"",""fullname"":""百度IDC节能调优智能平台""},{""regtime"":""1668096000000"",""connList"":[],""searchType"":"""",""_type"":"""",""simplename"":""数据治理平台"",""catnum"":"""",""version"":""V1.0"",""uni"":"""",""publishtime"":""1647792000000"",""eventTime"":"""",""authorNationality"":""北京百度网讯科技有限公司"",""regnum"":""2022SR1494943"",""id"":""69768328"",""fullname"":""医疗大数据治理平台""},{""regtime"":""1668096000000"",""connList"":[],""searchType"":"""",""_type"":"""",""simplename"":""医疗科研平台"",""catnum"":"""",""version"":""V1.0"",""uni"":"""",""publishtime"":""1661961600000"",""eventTime"":"""",""authorNationality"":""北京百度网讯科技有限公司"",""regnum"":""2022SR1494952"",""id"":""69768330"",""fullname"":""医疗大数据专病科研平台""},{""regtime"":""1668096000000"",""connList"":[],""searchType"":"""",""_type"":"""",""simplename"":""慧眼文旅客流量平台"",""catnum"":"""",""version"":""V1.0"",""uni"":"""",""publishtime"":""1636041600000"",""eventTime"":"""",""authorNationality"":""北京百度网讯科技有限公司"",""regnum"":""2022SR1495012"",""id"":""69768345"",""fullname"":""慧眼智慧文旅客流量监测大数据平台""},{""regtime"":""1667923200000"",""connList"":[],""searchType"":"""",""_type"":"""",""simplename"":""缓冲区分析"",""catnum"":"""",""version"":""V1.0"",""uni"":"""",""publishtime"":"""",""eventTime"":"""",""authorNationality"":""北京百度网讯科技有限公司"",""regnum"":""2022SR1484296"",""id"":""69764803"",""fullname"":""二维专网地图DuGIS-Pro软件""},{""regtime"":""1667750400000"",""connList"":[],""searchType"":"""",""_type"":"""",""simplename"":""BPFS并行文件存储"",""catnum"":"""",""version"":""V1.0"",""uni"":"""",""publishtime"":""1566230400000"",""eventTime"":"""",""authorNationality"":""北京百度网讯科技有限公司"",""regnum"":""2022SR1478407"",""id"":""69757195"",""fullname"":""BPFS百度并行文件存储管理软件""}]},""reason"":""ok"",""error_code"":0}",true,2023-02-13 06:54:35.102,2023-03-07 03:21:55.766
26,4,331,,3,2,,TYC-ZPZZQ,作品著作权,normal,http://open.api.tianyancha.com/services/open/ipr/copyRegWorks/2.0,GET,none,"galaxy.external.api.auth.kv,1","{""Authorization"": ""880bee9d-f02d-4ab4-bb1f-89d34a03f03f""}","{""keyword"": ""北京百度网讯科技有限公司""}","","<p>
<span style=""color: rgb(102, 102, 102);font-size: 14px"">可以通过公司名称或ID获取作品著作权的有关信息，包括作品名称、登记号、登记类别等字段的详细信息</span>

<br></p>","{""result"":{""total"":318091,""items"":[{""regtime"":""1654790400000"",""finishTime"":""1648742400000"",""publishtime"":"""",""authorNationality"":""北京百度网讯科技有限公司"",""regnum"":""国作登字-2022-F-10117826"",""fullname"":""超写实虚拟形象-叶悠悠"",""type"":""美术作品""},{""regtime"":""1654790400000"",""finishTime"":""1648742400000"",""publishtime"":"""",""authorNationality"":""北京百度网讯科技有限公司"",""regnum"":""国作登字-2022-F-10117827"",""fullname"":""超写实虚拟形象-林开开"",""type"":""美术作品""},{""regtime"":""1653321600000"",""finishTime"":""1645545600000"",""publishtime"":""1647705600000"",""authorNationality"":""北京百度网讯科技有限公司"",""regnum"":""国作登字-2022-F-10104861"",""fullname"":""百度知道产品形象-公正鸭"",""type"":""美术作品""},{""regtime"":""1652112000000"",""finishTime"":""1647446400000"",""publishtime"":"""",""authorNationality"":""北京百度网讯科技有限公司"",""regnum"":""国作登字-2022-F-10096153"",""fullname"":""百度房产系列图形logo标识"",""type"":""美术作品""},{""regtime"":""1652112000000"",""finishTime"":""1647446400000"",""publishtime"":"""",""authorNationality"":""北京百度网讯科技有限公司"",""regnum"":""国作登字-2022-F-10096152"",""fullname"":""百度房产系列图形logo"",""type"":""美术作品""},{""regtime"":""1648828800000"",""finishTime"":""1631894400000"",""publishtime"":""1632412800000"",""authorNationality"":""北京百度网讯科技有限公司"",""regnum"":""国作登字-2022-F-10070256"",""fullname"":""小象幼萌体"",""type"":""美术作品""},{""regtime"":""1648828800000"",""finishTime"":""1630944000000"",""publishtime"":""1631808000000"",""authorNationality"":""北京百度网讯科技有限公司"",""regnum"":""国作登字-2022-F-10070247"",""fullname"":""柴柴体"",""type"":""美术作品""},{""regtime"":""1648828800000"",""finishTime"":""1630944000000"",""publishtime"":""1631808000000"",""authorNationality"":""北京百度网讯科技有限公司"",""regnum"":""国作登字-2022-F-10070254"",""fullname"":""帅帅手写体"",""type"":""美术作品""},{""regtime"":""1648828800000"",""finishTime"":""1629820800000"",""publishtime"":""1630944000000"",""authorNationality"":""北京百度网讯科技有限公司"",""regnum"":""国作登字-2022-F-10070251"",""fullname"":""初七有弦月一半给你"",""type"":""美术作品""},{""regtime"":""1648828800000"",""finishTime"":""1631462400000"",""publishtime"":""1631635200000"",""authorNationality"":""北京百度网讯科技有限公司"",""regnum"":""国作登字-2022-F-10070255"",""fullname"":""巫木言逍遥体"",""type"":""美术作品""},{""regtime"":""1648828800000"",""finishTime"":""1630944000000"",""publishtime"":""1631808000000"",""authorNationality"":""北京百度网讯科技有限公司"",""regnum"":""国作登字-2022-F-10070253"",""fullname"":""生活明朗 万物可爱"",""type"":""美术作品""},{""regtime"":""1648828800000"",""finishTime"":""1630944000000"",""publishtime"":""1631808000000"",""authorNationality"":""北京百度网讯科技有限公司"",""regnum"":""国作登字-2022-F-10070250"",""fullname"":""落日晚风"",""type"":""美术作品""},{""regtime"":""1648828800000"",""finishTime"":""1630944000000"",""publishtime"":""1631808000000"",""authorNationality"":""北京百度网讯科技有限公司"",""regnum"":""国作登字-2022-F-10070248"",""fullname"":""魔王的情书"",""type"":""美术作品""},{""regtime"":""1640188800000"",""finishTime"":""1577808000000"",""publishtime"":""1612454400000"",""authorNationality"":""北京百度网讯科技有限公司"",""regnum"":""京作登字-2021-A-00878247"",""fullname"":""百度健康医典-软纤维瘤"",""type"":""文字""},{""regtime"":""1640188800000"",""finishTime"":""1577808000000"",""publishtime"":""1616342400000"",""authorNationality"":""北京百度网讯科技有限公司"",""regnum"":""京作登字-2021-A-00878192"",""fullname"":""百度健康医典-上腔静脉综合征"",""type"":""文字""},{""regtime"":""1640188800000"",""finishTime"":""1599148800000"",""publishtime"":""1617724800000"",""authorNationality"":""北京百度网讯科技有限公司"",""regnum"":""京作登字-2021-A-00878410"",""fullname"":""百度健康医典-疱疹样皮炎"",""type"":""文字""},{""regtime"":""1640188800000"",""finishTime"":""1577808000000"",""publishtime"":""1615737600000"",""authorNationality"":""北京百度网讯科技有限公司"",""regnum"":""京作登字-2021-A-00878297"",""fullname"":""百度健康医典-肱骨髁上骨折"",""type"":""文字""},{""regtime"":""1640188800000"",""finishTime"":""1604505600000"",""publishtime"":""1615132800000"",""authorNationality"":""北京百度网讯科技有限公司"",""regnum"":""京作登字-2021-A-00878534"",""fullname"":""百度健康医典-拉沙热"",""type"":""文字""},{""regtime"":""1640188800000"",""finishTime"":""1621958400000"",""publishtime"":""1629820800000"",""authorNationality"":""北京百度网讯科技有限公司"",""regnum"":""京作登字-2021-A-00878206"",""fullname"":""百度健康医典-椎动脉型颈椎病"",""type"":""文字""},{""regtime"":""1640188800000"",""finishTime"":""1577808000000"",""publishtime"":""1617724800000"",""authorNationality"":""北京百度网讯科技有限公司"",""regnum"":""京作登字-2021-A-00878538"",""fullname"":""百度健康医典-粒细胞缺乏症"",""type"":""文字""}]},""reason"":""ok"",""error_code"":0}",true,2023-02-13 06:58:11.902,2023-03-03 02:54:52.223
27,4,331,,3,2,,TYC-WZBA,网站备案,normal,http://open.api.tianyancha.com/services/open/ipr/icp/3.0,GET,none,"galaxy.external.api.auth.kv,1","{""Authorization"": ""880bee9d-f02d-4ab4-bb1f-89d34a03f03f""}","{""keyword"": ""22822""}","","<p>
<span style=""color: rgb(102, 102, 102);font-size: 14px"">可以通过公司名称或ID获取网站备案的有关信息，包括网站名称、网站首页、域名、网站备案/许可证号等字段信息</span>

<br></p>","{""result"":{""total"":521,""items"":[{""webSite"":[""www.wenku.in""],""ym"":""wenku.in"",""companyType"":""企业"",""liscense"":""京ICP证030173号-87"",""examineDate"":""2023-01-10"",""webName"":"""",""companyName"":""北京百度网讯科技有限公司""},{""webSite"":[],""ym"":""bcehost.com"",""companyType"":""企业"",""liscense"":""京ICP证030173号-55"",""examineDate"":""2023-01-10"",""webName"":"""",""companyName"":""北京百度网讯科技有限公司""},{""webSite"":[""www.dulife.com""],""ym"":""dulife.com"",""companyType"":""企业"",""liscense"":""京ICP证030173号-107"",""examineDate"":""2023-01-10"",""webName"":"""",""companyName"":""北京百度网讯科技有限公司""},{""webSite"":[],""ym"":""dlnel.com"",""companyType"":""企业"",""liscense"":""京ICP证030173号-70"",""examineDate"":""2023-01-10"",""webName"":"""",""companyName"":""北京百度网讯科技有限公司""},{""webSite"":[""www.dushifen.com""],""ym"":""dushifen.com"",""companyType"":""企业"",""liscense"":""京ICP证030173号-131"",""examineDate"":""2023-01-10"",""webName"":"""",""companyName"":""北京百度网讯科技有限公司""},{""webSite"":[],""ym"":""hao222.com"",""companyType"":""企业"",""liscense"":""京ICP证030173号-9"",""examineDate"":""2023-01-10"",""webName"":"""",""companyName"":""北京百度网讯科技有限公司""},{""webSite"":[],""ym"":""yjs-cdn6.com"",""companyType"":""企业"",""liscense"":""京ICP证030173号-97"",""examineDate"":""2023-01-10"",""webName"":"""",""companyName"":""北京百度网讯科技有限公司""},{""webSite"":[""www.hao123.com""],""ym"":""hao123img.com"",""companyType"":""企业"",""liscense"":""京ICP证030173号-25"",""examineDate"":""2023-01-10"",""webName"":"""",""companyName"":""北京百度网讯科技有限公司""},{""webSite"":[],""ym"":""baidu-1img.cn"",""companyType"":""企业"",""liscense"":""京ICP证030173号-12"",""examineDate"":""2023-01-10"",""webName"":"""",""companyName"":""北京百度网讯科技有限公司""},{""webSite"":[""www.baidu-bank.com""],""ym"":""baihangdai.cn"",""companyType"":""企业"",""liscense"":""京ICP证030173号-32"",""examineDate"":""2023-01-10"",""webName"":"""",""companyName"":""北京百度网讯科技有限公司""},{""webSite"":[],""ym"":""baidu-2img.cn"",""companyType"":""企业"",""liscense"":""京ICP证030173号-12"",""examineDate"":""2023-01-10"",""webName"":"""",""companyName"":""北京百度网讯科技有限公司""},{""webSite"":[""www.baidu-bank.com""],""ym"":""baidu-bank.cn"",""companyType"":""企业"",""liscense"":""京ICP证030173号-32"",""examineDate"":""2023-01-10"",""webName"":"""",""companyName"":""北京百度网讯科技有限公司""},{""webSite"":[],""ym"":""baidu-3img.cn"",""companyType"":""企业"",""liscense"":""京ICP证030173号-12"",""examineDate"":""2023-01-10"",""webName"":"""",""companyName"":""北京百度网讯科技有限公司""},{""webSite"":[""www.baidu-bank.com""],""ym"":""baiduxiaodai.cn"",""companyType"":""企业"",""liscense"":""京ICP证030173号-32"",""examineDate"":""2023-01-10"",""webName"":"""",""companyName"":""北京百度网讯科技有限公司""},{""webSite"":[],""ym"":""sg.work"",""companyType"":""企业"",""liscense"":""京ICP证030173号-151"",""examineDate"":""2023-01-10"",""webName"":"""",""companyName"":""北京百度网讯科技有限公司""},{""webSite"":[""www.Cloudajs.org""],""ym"":""cloudajs.org"",""companyType"":""企业"",""liscense"":""京ICP证030173号-42"",""examineDate"":""2023-01-10"",""webName"":"""",""companyName"":""北京百度网讯科技有限公司""},{""webSite"":[""www.bdbae.com""],""ym"":""bdbae.com"",""companyType"":""企业"",""liscense"":""京ICP证030173号-54"",""examineDate"":""2023-01-10"",""webName"":"""",""companyName"":""北京百度网讯科技有限公司""},{""webSite"":[],""ym"":""apolloxcloud.com"",""companyType"":""企业"",""liscense"":""京ICP证030173号-171"",""examineDate"":""2023-01-10"",""webName"":"""",""companyName"":""北京百度网讯科技有限公司""},{""webSite"":[""www.openrasp.net.cn""],""ym"":""openrasp.net.cn"",""companyType"":""企业"",""liscense"":""京ICP证030173号-75"",""examineDate"":""2023-01-10"",""webName"":"""",""companyName"":""北京百度网讯科技有限公司""},{""webSite"":[],""ym"":""hongmeiti.com.cn"",""companyType"":""企业"",""liscense"":""京ICP证030173号-18"",""examineDate"":""2023-01-10"",""webName"":"""",""companyName"":""北京百度网讯科技有限公司""}]},""reason"":""ok"",""error_code"":0}",true,2023-02-13 07:07:01.213,2023-03-06 02:16:08.075
28,5,357,,33,,34,BR-QYZXCX-STR,企业征信查询STR,normal,https://api2.100credit.cn/strategy_api/v3/hx_query,POST,json,"galaxy.external.api.auth.bairong.ak,1","{""content-type"": ""application/x-www-form-urlencoded""}","","{""name"": ""徐宁"", ""idcard"": ""410203198207281018"", ""mobile"": ""13103786767"", ""strategy_id"": ""STR0038612""}",<p>输入被查询人的身份证，姓名等信息可以查询其征信的具体情况，包括：二要素验证，在网时长，借贷行为，反欺诈等</p>,"{""InfoRelation"":{""cell_is_reabnormal"":""0"",""cell_x_name_cnt"":""1"",""cell_inlistwith_id"":""1"",""cell_x_id_notmat_days"":"""",""m1"":{""cell_x_linkman_cell_cnt"":""0"",""id_x_home_addr_cnt"":""0"",""cell_x_name_cnt"":""1"",""id_x_tel_biz_cnt"":""0"",""id_x_biz_addr_cnt"":""0"",""id_x_biz_work_cnt"":""0"",""id_x_name_cnt"":""1"",""cell_x_mail_cnt"":""0"",""id_x_cell_cnt"":""1"",""id_x_device_cnt"":""0"",""cell_x_home_addr_cnt"":""0"",""id_x_linkman_cell_cnt"":""0"",""cell_x_device_cnt"":""0"",""id_x_tel_home_cnt"":""0"",""id_x_mail_cnt"":""0"",""cell_x_biz_work_cnt"":""0"",""cell_x_id_cnt"":""1"",""cell_x_tel_home_cnt"":""0"",""cell_x_tel_biz_cnt"":""0"",""cell_x_biz_addr_cnt"":""0""},""m3"":{""cell_x_linkman_cell_cnt"":""0"",""id_x_home_addr_cnt"":""0"",""cell_x_name_cnt"":""1"",""id_x_tel_biz_cnt"":""0"",""id_x_biz_addr_cnt"":""0"",""id_x_biz_work_cnt"":""0"",""id_x_name_cnt"":""1"",""cell_x_mail_cnt"":""0"",""id_x_cell_cnt"":""1"",""id_x_device_cnt"":""0"",""cell_x_home_addr_cnt"":""0"",""id_x_linkman_cell_cnt"":""0"",""cell_x_device_cnt"":""0"",""id_x_tel_home_cnt"":""0"",""id_x_mail_cnt"":""0"",""cell_x_biz_work_cnt"":""0"",""cell_x_id_cnt"":""1"",""cell_x_tel_home_cnt"":""0"",""cell_x_tel_biz_cnt"":""0"",""cell_x_biz_addr_cnt"":""0""},""m6"":{""cell_x_linkman_cell_cnt"":""0"",""id_x_home_addr_cnt"":""0"",""cell_x_name_cnt"":""1"",""id_x_tel_biz_cnt"":""0"",""id_x_biz_addr_cnt"":""0"",""id_x_biz_work_cnt"":""0"",""id_x_name_cnt"":""1"",""cell_x_mail_cnt"":""0"",""id_x_cell_cnt"":""1"",""id_x_device_cnt"":""0"",""cell_x_home_addr_cnt"":""0"",""id_x_linkman_cell_cnt"":""0"",""cell_x_device_cnt"":""0"",""id_x_tel_home_cnt"":""0"",""id_x_mail_cnt"":""0"",""cell_x_biz_work_cnt"":""0"",""cell_x_id_cnt"":""1"",""cell_x_tel_home_cnt"":""0"",""cell_x_tel_biz_cnt"":""0"",""cell_x_biz_addr_cnt"":""0""},""allmatch_days"":""6"",""id_x_name_cnt"":""1"",""cell_x_mail_cnt"":""1"",""m12"":{""cell_x_linkman_cell_cnt"":""0"",""id_x_home_addr_cnt"":""0"",""cell_x_name_cnt"":""1"",""id_x_tel_biz_cnt"":""0"",""id_x_biz_addr_cnt"":""0"",""id_x_biz_work_cnt"":""0"",""id_x_name_cnt"":""1"",""cell_x_mail_cnt"":""0"",""id_x_cell_cnt"":""1"",""id_x_device_cnt"":""0"",""cell_x_home_addr_cnt"":""0"",""id_x_linkman_cell_cnt"":""0"",""cell_x_device_cnt"":""0"",""id_x_tel_home_cnt"":""0"",""id_x_mail_cnt"":""0"",""cell_x_biz_work_cnt"":""0"",""cell_x_id_cnt"":""1"",""cell_x_tel_home_cnt"":""0"",""cell_x_tel_biz_cnt"":""0"",""cell_x_biz_addr_cnt"":""0""},""id_x_cell_cnt"":""6"",""cell_x_id_lastchg_days"":"""",""id_x_mail_cnt"":""1"",""id_x_cell_lastchg_days"":""439"",""id_inlistwith_cell"":""1"",""id_x_cell_notmat_days"":""476"",""cell_x_id_cnt"":""1"",""id_is_reabnormal"":""0""},""code"":""00"",""swift_number"":""3030127_20230302170448_38961384A19"",""ExecutionPro"":{""execut1"":{""eventLevel"":""-2"",""money"":""513557"",""casenum"":""（2023）豫0202执385号"",""dataType"":""最高法执行"",""name"":""徐宁"",""time"":""2023年02月16日"",""matchRatio"":""0.99"",""court"":""河南省开封市龙亭区人民法院"",""datatypeid"":""103"",""statute"":""0""},""bgt1"":{""address"":"""",""yiju"":"""",""pname"":""徐宁"",""sortTime"":""2020年12月10日"",""dataType"":""曝光台"",""matchRatio"":""0.99"",""body"":""限制消费人员         ..."",""court"":""开封市金明区人民法院"",""execMoney"":"""",""caseNo"":""（2020）豫0211执1804号"",""datatypeid"":""104"",""eventLevel"":""-2"",""caseCause"":""""}},""Flag"":{""rule_d_applyloanusury"":""0"",""ruleinforelation_c"":""0"",""ruleexecutionlimited"":""1"",""debtrepaystress"":""1"",""score"":""1"",""riskstrategy"":""1"",""executionjud"":""0"",""rule_d_debtrepaystress"":""1"",""totalloan"":""1"",""rulespeciallist_c"":""1"",""applyloanusury"":""0"",""execution"":""1"",""ruleexecutionpro"":""1"",""keyattribution"":""1"",""rule_d_fraudrelation_g"":""1"",""executionpro"":""1"",""ruleexecution"":""1"",""inforelation"":""1"",""ruleexecutionjud"":""0"",""fraudrelation_g"":""1"",""rule_d_totalloan"":""0"",""executionlimited"":""1"",""applyloanstr"":""1"",""ruleapplyloan"":""1"",""specialList_c"":""1"",""rule_c_keyattribution"":""0""},""ExecutionLimited"":{""xg1"":{""casecode"":""(2020)豫0211执1804号"",""areaname"":""河南省"",""sexname"":""男性"",""datatype"":""限高被执行人"",""courtname"":""开封市金明区人民法院"",""regdate"":""2020-12-10"",""publishdate"":"""",""age"":""38"",""iname"":""徐宁""}},""DebtRepayStress"":{""nodebtscore"":""63""},""TotalLoan"":{""id_lasttype"":""h"",""id_pdl_orgnum"":""1"",""cell_pdl_allnum"":""2"",""cell_lasttype"":""h"",""m1"":{""id"":{""nobank"":{""allamount"":""b"",""passamount"":""a"",""neworgnum"":""2"",""newallnum"":""4"",""allorgnum"":""2"",""payamount"":""a"",""passnum"":""1""}},""cell"":{""nobank"":{""allamount"":""a"",""passamount"":""a"",""neworgnum"":""2"",""newallnum"":""4"",""allorgnum"":""1"",""payamount"":""a"",""passnum"":""1""}}},""m2"":{""id"":{""nobank"":{""allamount"":""a"",""passamount"":""a"",""neworgnum"":""0"",""newallnum"":""0"",""allorgnum"":""1"",""payamount"":""a"",""passnum"":""0""}},""cell"":{""nobank"":{""allamount"":""a"",""passamount"":""a"",""neworgnum"":""0"",""newallnum"":""0"",""allorgnum"":""0"",""payamount"":""a"",""passnum"":""0""}}},""m3"":{""id"":{""nobank"":{""allamount"":""b"",""passamount"":""a"",""neworgnum"":""1"",""newallnum"":""1"",""allorgnum"":""2"",""payamount"":""a"",""passnum"":""1""}},""cell"":{""nobank"":{""allamount"":""a"",""passamount"":""a"",""neworgnum"":""1"",""newallnum"":""1"",""allorgnum"":""1"",""payamount"":""a"",""passnum"":""1""}}},""id_pdl_allnum"":""3"",""m4"":{""id"":{""nobank"":{""allamount"":""a"",""passamount"":""a"",""neworgnum"":""0"",""newallnum"":""0"",""allorgnum"":""1"",""payamount"":""a"",""passnum"":""0""}},""cell"":{""nobank"":{""allamount"":""a"",""passamount"":""a"",""neworgnum"":""0"",""newallnum"":""0"",""allorgnum"":""0"",""payamount"":""a"",""passnum"":""0""}}},""m5"":{""id"":{""nobank"":{""allamount"":""b"",""passamount"":""a"",""neworgnum"":""2"",""newallnum"":""2"",""allorgnum"":""2"",""payamount"":""a"",""passnum"":""1""}},""cell"":{""nobank"":{""allamount"":""a"",""passamount"":""a"",""neworgnum"":""2"",""newallnum"":""2"",""allorgnum"":""1"",""payamount"":""a"",""passnum"":""1""}}},""m6"":{""id"":{""nobank"":{""allamount"":""b"",""passamount"":""b"",""neworgnum"":""4"",""newallnum"":""4"",""allorgnum"":""2"",""payamount"":""a"",""passnum"":""2""}},""cell"":{""nobank"":{""allamount"":""a"",""passamount"":""a"",""neworgnum"":""1"",""newallnum"":""1"",""allorgnum"":""1"",""payamount"":""a"",""passnum"":""1""}}},""m7"":{""id"":{""nobank"":{""allamount"":""a"",""passamount"":""a"",""neworgnum"":""1"",""newallnum"":""2"",""allorgnum"":""1"",""payamount"":""a"",""passnum"":""1""}},""cell"":{""nobank"":{""allamount"":""a"",""passamount"":""a"",""neworgnum"":""1"",""newallnum"":""2"",""allorgnum"":""1"",""payamount"":""a"",""passnum"":""1""}}},""m8"":{""id"":{""nobank"":{""allamount"":""a"",""passamount"":""a"",""neworgnum"":""2"",""newallnum"":""2"",""allorgnum"":""1"",""payamount"":""a"",""passnum"":""1""}},""cell"":{""nobank"":{""allamount"":""a"",""passamount"":""a"",""neworgnum"":""2"",""newallnum"":""2"",""allorgnum"":""1"",""payamount"":""a"",""passnum"":""1""}}},""m11"":{""id"":{""nobank"":{""allamount"":""a"",""passamount"":""a"",""neworgnum"":""1"",""newallnum"":""1"",""allorgnum"":""1"",""payamount"":""a"",""passnum"":""1""}},""cell"":{""nobank"":{""allamount"":""a"",""passamount"":""a"",""neworgnum"":""1"",""newallnum"":""1"",""allorgnum"":""1"",""payamount"":""a"",""passnum"":""1""}}},""m9"":{""id"":{""nobank"":{""allamount"":""a"",""passamount"":""a"",""neworgnum"":""1"",""newallnum"":""1"",""allorgnum"":""1"",""payamount"":""a"",""passnum"":""1""}},""cell"":{""nobank"":{""allamount"":""a"",""passamount"":""a"",""neworgnum"":""1"",""newallnum"":""1"",""allorgnum"":""1"",""payamount"":""a"",""passnum"":""1""}}},""m10"":{""id"":{""nobank"":{""allamount"":""a"",""passamount"":""a"",""neworgnum"":""2"",""newallnum"":""2"",""allorgnum"":""1"",""payamount"":""a"",""passnum"":""1""}},""cell"":{""nobank"":{""allamount"":""a"",""passamount"":""a"",""neworgnum"":""2"",""newallnum"":""2"",""allorgnum"":""1"",""payamount"":""a"",""passnum"":""1""}}},""m12"":{""id"":{""nobank"":{""allamount"":""a"",""passamount"":""a"",""neworgnum"":""2"",""newallnum"":""2"",""allorgnum"":""1"",""payamount"":""a"",""passnum"":""1""}},""cell"":{""nobank"":{""allamount"":""a"",""passamount"":""a"",""neworgnum"":""1"",""newallnum"":""1"",""allorgnum"":""1"",""payamount"":""a"",""passnum"":""1""}}},""cell_lasttime"":""2023-03-01"",""id_lasttime"":""2023-03-01"",""id_nowamount"":""a"",""cell_pdl_orgnum"":""1"",""cell_nowamount"":""a""},""Score"":{""scoreafrevoloan"":""57"",""scorerevoloan"":""477""},""Execution"":{""court_executed1"":{""casenum"":""（2023）豫0202执385号"",""datatime"":""2023年02月16日"",""basiccourt"":"""",""court"":""河南省开封市龙亭区人民法院"",""datatypeid"":103,""money"":""513557"",""cidtype"":""1"",""datatype"":""最高法执行"",""name"":""徐宁"",""time"":""2023年02月16日"",""basic"":"""",""statute"":""执行中"",""cid"":""41020319820****1018""}},""RiskStrategy"":{""ScoreAf"":{""decision"":""Accept"",""scoreafrevoloan"":""57""},""Score"":{""decision"":""Reject"",""scorerevoloan"":""477""},""strategy_version"":""1.1"",""product_type"":""100084"",""final_decision"":""Reject"",""strategy_id"":""STR0038612"",""Rule"":{""decision"":""Reject"",""weight"":""90""},""product_name"":""贷前打包管理"",""platform"":""web"",""scene"":""lend""},""KeyAttribution"":{""id"":{""province"":""河南"",""city"":""开封""},""cell"":{""province"":""河南"",""city"":""开封市"",""card_type"":""联通""}},""ApplyLoanUsury"":{},""FraudRelation_g"":{""group_num"":""a"",""list_level"":""8""},""ApplyLoanStr"":{""d7"":{""id"":{""nbank"":{""cons_allnum"":""1"",""cf_orgnum"":""1"",""orgnum"":""2"",""cf_allnum"":""1"",""oth_allnum"":""1"",""else_allnum"":""1"",""allnum"":""2"",""week_allnum"":""0"",""selfnum"":""1"",""night_allnum"":""1"",""else_orgnum"":""1"",""cons_orgnum"":""1"",""week_orgnum"":""0"",""oth_orgnum"":""1"",""night_orgnum"":""1""},""rel"":{""orgnum"":""1"",""allnum"":""1""},""pdl"":{""orgnum"":""1"",""allnum"":""1""}},""cell"":{""nbank"":{""cons_allnum"":""1"",""cf_orgnum"":""1"",""orgnum"":""2"",""cf_allnum"":""1"",""oth_allnum"":""1"",""else_allnum"":""1"",""allnum"":""2"",""week_allnum"":""0"",""selfnum"":""1"",""night_allnum"":""1"",""else_orgnum"":""1"",""cons_orgnum"":""1"",""week_orgnum"":""0"",""oth_orgnum"":""1"",""night_orgnum"":""1""},""rel"":{""orgnum"":""1"",""allnum"":""1""},""pdl"":{""orgnum"":""1"",""allnum"":""1""}}},""m1"":{""id"":{""nbank"":{""cf_orgnum"":""1"",""cons_allnum"":""1"",""orgnum"":""2"",""cf_allnum"":""1"",""oth_allnum"":""3"",""else_allnum"":""3"",""allnum"":""4"",""week_allnum"":""0"",""selfnum"":""3"",""night_allnum"":""1"",""else_orgnum"":""1"",""cons_orgnum"":""1"",""week_orgnum"":""0"",""oth_orgnum"":""1"",""night_orgnum"":""1""},""rel"":{""orgnum"":""1"",""allnum"":""3""},""pdl"":{""orgnum"":""1"",""allnum"":""1""}},""cell"":{""nbank"":{""cf_orgnum"":""1"",""cons_allnum"":""1"",""orgnum"":""2"",""cf_allnum"":""1"",""oth_allnum"":""3"",""else_allnum"":""3"",""allnum"":""4"",""week_allnum"":""0"",""selfnum"":""3"",""night_allnum"":""1"",""else_orgnum"":""1"",""cons_orgnum"":""1"",""week_orgnum"":""0"",""oth_orgnum"":""1"",""night_orgnum"":""1""},""rel"":{""orgnum"":""1"",""allnum"":""3""},""pdl"":{""orgnum"":""1"",""allnum"":""1""}}},""m3"":{""id"":{""tot_mons"":""2"",""max_monnum"":""4"",""min_inteday"":""4"",""nbank"":{""cons_allnum"":""2"",""cf_orgnum"":""1"",""orgnum"":""2"",""max_inteday"":""57"",""cf_allnum"":""2"",""else_allnum"":""3"",""oth_allnum"":""3"",""allnum"":""5"",""week_allnum"":""1"",""tot_mons"":""2"",""selfnum"":""3"",""else_orgnum"":""1"",""night_allnum"":""1"",""max_monnum"":""4"",""min_inteday"":""4"",""cons_orgnum"":""1"",""week_orgnum"":""1"",""oth_orgnum"":""1"",""night_orgnum"":""1"",""avg_monnum"":""2.50"",""min_monnum"":""0""},""max_inteday"":""57"",""rel"":{""orgnum"":""1"",""allnum"":""3""},""pdl"":{""orgnum"":""1"",""allnum"":""2""},""avg_monnum"":""2.50"",""min_monnum"":""0""},""cell"":{""tot_mons"":""2"",""max_monnum"":""4"",""min_inteday"":""4"",""nbank"":{""cons_allnum"":""2"",""cf_orgnum"":""1"",""orgnum"":""2"",""max_inteday"":""57"",""cf_allnum"":""2"",""else_allnum"":""3"",""oth_allnum"":""3"",""allnum"":""5"",""week_allnum"":""1"",""tot_mons"":""2"",""selfnum"":""3"",""else_orgnum"":""1"",""night_allnum"":""1"",""max_monnum"":""4"",""min_inteday"":""4"",""cons_orgnum"":""1"",""week_orgnum"":""1"",""oth_orgnum"":""1"",""night_orgnum"":""1"",""avg_monnum"":""2.50"",""min_monnum"":""0""},""max_inteday"":""57"",""rel"":{""orgnum"":""1"",""allnum"":""3""},""pdl"":{""orgnum"":""1"",""allnum"":""2""},""avg_monnum"":""2.50"",""min_monnum"":""0""}},""fst"":{""id"":{""nbank"":{""inteday"":""358""}},""cell"":{""nbank"":{""inteday"":""356""}}},""d15"":{""id"":{""nbank"":{""cf_orgnum"":""1"",""cons_allnum"":""1"",""orgnum"":""2"",""cf_allnum"":""1"",""oth_allnum"":""2"",""else_allnum"":""2"",""allnum"":""3"",""week_allnum"":""0"",""selfnum"":""2"",""night_allnum"":""1"",""else_orgnum"":""1"",""cons_orgnum"":""1"",""week_orgnum"":""0"",""oth_orgnum"":""1"",""night_orgnum"":""1""},""rel"":{""orgnum"":""1"",""allnum"":""2""},""pdl"":{""orgnum"":""1"",""allnum"":""1""}},""cell"":{""nbank"":{""cf_orgnum"":""1"",""cons_allnum"":""1"",""orgnum"":""2"",""cf_allnum"":""1"",""oth_allnum"":""2"",""else_allnum"":""2"",""allnum"":""3"",""week_allnum"":""0"",""selfnum"":""2"",""night_allnum"":""1"",""else_orgnum"":""1"",""cons_orgnum"":""1"",""week_orgnum"":""0"",""oth_orgnum"":""1"",""night_orgnum"":""1""},""rel"":{""orgnum"":""1"",""allnum"":""2""},""pdl"":{""orgnum"":""1"",""allnum"":""1""}}},""m6"":{""id"":{""caoff"":{""orgnum"":""1"",""allnum"":""1""},""tot_mons"":""4"",""caon"":{""orgnum"":""1"",""allnum"":""1""},""max_monnum"":""4"",""min_inteday"":""0"",""nbank"":{""cf_orgnum"":""1"",""cons_allnum"":""3"",""orgnum"":""5"",""max_inteday"":""57"",""cf_allnum"":""3"",""oth_allnum"":""8"",""else_allnum"":""8"",""allnum"":""11"",""week_allnum"":""1"",""tot_mons"":""4"",""selfnum"":""5"",""night_allnum"":""1"",""else_orgnum"":""4"",""max_monnum"":""4"",""min_inteday"":""0"",""cons_orgnum"":""1"",""week_orgnum"":""1"",""oth_orgnum"":""4"",""night_orgnum"":""1"",""avg_monnum"":""2.75"",""min_monnum"":""0""},""max_inteday"":""57"",""rel"":{""orgnum"":""1"",""allnum"":""5""},""pdl"":{""orgnum"":""2"",""allnum"":""4""},""avg_monnum"":""2.75"",""min_monnum"":""0""},""cell"":{""tot_mons"":""4"",""max_monnum"":""4"",""min_inteday"":""1"",""nbank"":{""cf_orgnum"":""1"",""cons_allnum"":""3"",""orgnum"":""2"",""max_inteday"":""57"",""cf_allnum"":""3"",""oth_allnum"":""5"",""else_allnum"":""5"",""allnum"":""8"",""week_allnum"":""1"",""tot_mons"":""4"",""selfnum"":""5"",""night_allnum"":""1"",""else_orgnum"":""1"",""max_monnum"":""4"",""min_inteday"":""1"",""cons_orgnum"":""1"",""week_orgnum"":""1"",""oth_orgnum"":""1"",""night_orgnum"":""1"",""avg_monnum"":""2.00"",""min_monnum"":""0""},""max_inteday"":""57"",""rel"":{""orgnum"":""1"",""allnum"":""5""},""pdl"":{""orgnum"":""1"",""allnum"":""3""},""avg_monnum"":""2.00"",""min_monnum"":""0""}},""lst"":{""id"":{""nbank"":{""inteday"":""1"",""consnum"":""1"",""csinteday"":""1""}},""cell"":{""nbank"":{""inteday"":""1"",""consnum"":""1"",""csinteday"":""1""}}},""m12"":{""id"":{""caoff"":{""orgnum"":""1"",""allnum"":""1""},""tot_mons"":""10"",""caon"":{""orgnum"":""2"",""allnum"":""3""},""max_monnum"":""4"",""min_inteday"":""0"",""nbank"":{""nsloan_orgnum"":""1"",""cons_allnum"":""10"",""cf_orgnum"":""1"",""orgnum"":""6"",""max_inteday"":""57"",""cf_allnum"":""10"",""oth_allnum"":""11"",""else_allnum"":""9"",""allnum"":""21"",""week_allnum"":""3"",""tot_mons"":""10"",""selfnum"":""6"",""night_allnum"":""2"",""else_orgnum"":""4"",""max_monnum"":""4"",""min_inteday"":""0"",""nsloan_allnum"":""2"",""cons_orgnum"":""1"",""week_orgnum"":""1"",""oth_orgnum"":""5"",""night_orgnum"":""1"",""avg_monnum"":""2.10"",""min_monnum"":""0""},""max_inteday"":""57"",""rel"":{""orgnum"":""1"",""allnum"":""6""},""pdl"":{""orgnum"":""2"",""allnum"":""11""},""avg_monnum"":""2.10"",""min_monnum"":""0""},""cell"":{""tot_mons"":""10"",""caon"":{""orgnum"":""1"",""allnum"":""1""},""max_monnum"":""4"",""min_inteday"":""1"",""nbank"":{""nsloan_orgnum"":""1"",""cons_allnum"":""10"",""cf_orgnum"":""1"",""orgnum"":""3"",""max_inteday"":""57"",""cf_allnum"":""10"",""oth_allnum"":""7"",""else_allnum"":""6"",""allnum"":""17"",""week_allnum"":""3"",""tot_mons"":""10"",""selfnum"":""6"",""night_allnum"":""2"",""else_orgnum"":""1"",""max_monnum"":""4"",""min_inteday"":""1"",""nsloan_allnum"":""1"",""cons_orgnum"":""1"",""week_orgnum"":""1"",""oth_orgnum"":""2"",""night_orgnum"":""1"",""avg_monnum"":""1.70"",""min_monnum"":""0""},""max_inteday"":""57"",""rel"":{""orgnum"":""1"",""allnum"":""6""},""pdl"":{""orgnum"":""1"",""allnum"":""10""},""avg_monnum"":""1.70"",""min_monnum"":""0""}}},""Rule"":{""result"":{""final_weight"":""90"",""final_decision"":""Reject""},""hit_rules"":{""ruleapplyloan"":{""QJF077"":{""weight"":""60"",""name_rule"":""在非银机构申请次数较多""}},""ruleexecutionpro"":{""FCX005"":{""weight"":""90"",""name_rule"":""命中曝光台""},""FCX002"":{""weight"":""80"",""name_rule"":""为法院被执行人且未全部结案""}},""rule_d_debtrepaystress"":{""FCI002"":{""weight"":""80"",""name_rule"":""偿债压力较高""}},""rule_d_fraudrelation_g"":{""FCA001"":{""weight"":""80"",""name_rule"":""欺诈团伙等级极高""}},""ruleexecution"":{""QJE020"":{""weight"":""80"",""name_rule"":""法院被执行人""}},""rulespeciallist_c"":{""QJT021"":{""weight"":""30"",""name_rule"":""近两年本人命中非银一般风险""}},""ruleexecutionlimited"":{""FDB002"":{""weight"":""80"",""name_rule"":""为法院限高被执行人""}}}},""SpecialList_c"":{""lm_cell"":{},""id"":{""nbank_overdue_time"":""1"",""nbank_sloan_overdue_allnum"":""1"",""nbank_sloan_overdue_time"":""1"",""nbank_overdue_allnum"":""1"",""nbank_overdue"":""0"",""nbank_sloan_overdue"":""0""},""cell"":{""nbank_overdue_time"":""1"",""nbank_sloan_overdue_allnum"":""1"",""nbank_sloan_overdue_time"":""1"",""nbank_overdue_allnum"":""1"",""nbank_overdue"":""2"",""nbank_sloan_overdue"":""2""}},""ExecutionJud"":{}}",true,2023-02-13 07:53:42.657,2023-03-03 03:06:10.732
29,5,357,,,,35,BR-QYZXCX-MCP,企业征信查询MCP,normal,https://api2.100credit.cn/infoverify/v3/info_verify,POST,json,"galaxy.external.api.auth.bairong.ak,1","","","{""name"": ""徐宁"", ""idcard"": ""410203198207281018"", ""mobile"": ""13103786767"", ""conf_id"": ""MCP0038613""}",<p>输入被查询人的身份证，姓名等信息可以查询其征信的具体情况，包括：二要素验证，在网时长，借贷行为，反欺诈等<br></p>,"{""code"":""00"",""TelStatus"":{""result"":""1"",""data"":{""value"":""2""},""costTime"":17,""operation"":""2""},""CourtDetailPro"":{""code"":""s"",""costTime"":30,""count"":2,""entryList"":[{""zxggId"":""c2023yu0202zhi385_t20230216_pxuning"",""pname"":""徐宁"",""proposer"":"""",""sortTime"":1676476800000,""dataType"":""zxgg"",""idcardNo"":""41020319820****1018"",""matchRatio"":0.99,""body"":""{\""id\"":159495514..."",""court"":""河南省开封市龙亭区人民法院"",""execMoney"":513557,""title"":""（2023）豫0202执385号"",""caseNo"":""（2023）豫0202执385号"",""sortTimeString"":""2023年02月16日"",""caseState"":""0""},{""address"":"""",""yiju"":"""",""pname"":""徐宁"",""proposer"":"""",""sortTime"":1607529600000,""dataType"":""bgt"",""idcardNo"":""4102031982****1018"",""unnexeMoney"":"""",""matchRatio"":0.99,""body"":""限制消费人员         ..."",""court"":""开封市金明区人民法院"",""execMoney"":"""",""title"":""徐宁（最高院_限制消费）"",""caseNo"":""（2020）豫0211执1804号"",""caseCause"":"""",""sortTimeString"":""2020年12月10日"",""bgDate"":"""",""bgtId"":""c2020yu0211zhi1804_t20201210_pxuning""}]},""swift_number"":""3030127_20230303113321_68451D76A18"",""code_detail"":{""CourtDetailPro"":""600000"",""TelStatus"":""600000"",""BadInfo"":""600000"",""TelPeriod"":""600000"",""IdTwo_z"":""600000"",""TelCheck_s"":""600000""},""InfoVerification"":{""final_weight"":""100"",""final_decision"":""Reject"",""hit_rules"":{""rule_c_telcheck_s"":{""CLD011"":{""weight"":""0"",""name_rule"":""手机三要素简版验证一致""}},""rule_c_telperiod"":{""CLC012"":{""weight"":""0"",""name_rule"":""手机在网时长极长""}},""rule_c_idtwo_z"":{""CHA011"":{""weight"":""0"",""name_rule"":""身份证二要素信息比对结一致""}},""rule_c_telstatus"":{""CLE010"":{""weight"":""100"",""name_rule"":""手机状态异常:停机、销号等""}},""rule_c_courtdetailpro"":{""FAM010"":{""weight"":""100"",""name_rule"":""该申请人在法院信息中含有执行公告案件""},""FAM008"":{""weight"":""40"",""name_rule"":""该申请人在法院信息中含有曝光台""}}}},""BadInfo"":{""costTime"":25,""caseTypeCode"":""""},""TelPeriod"":{""result"":""1"",""data"":{""value"":""4""},""costTime"":13,""operation"":""2""},""Flag"":{""rule_c_badinfo"":""0"",""telperiod"":""1"",""idtwo_z"":""1"",""telcheck_s"":""1"",""infoverification"":""1"",""rule_c_telperiod"":""1"",""badinfo"":""0"",""telstatus"":""1"",""rule_c_idtwo_z"":""1"",""rule_c_telstatus"":""1"",""rule_c_telcheck_s"":""1"",""courtdetailpro"":""1"",""rule_c_courtdetailpro"":""1""},""TelCheck_s"":{""result"":""1"",""costTime"":19,""operation"":""2""},""IdTwo_z"":{""MESSAGE"":""一致"",""costTime"":18,""guid"":""20190005134529_T9B64159_3962177"",""RESULT"":""1""}}",true,2023-02-13 09:30:44.809,2023-03-03 03:44:13.946
30,4,912,330,22,,64,ALY-ALYSC-YYZZXXSB,营业执照信息识别,normal,http://bizlicense.market.alicloudapi.com/rest/160601/ocr/ocr_business_license.json,POST,json,"galaxy.external.api.auth.kv,2","{""Content-Type"": ""application/json; charset=UTF-8"", ""Authorization"": ""APPCODE b1220a3817924924949174f500c48169""}","","{""image"": 2}",,"{""address"":""福建省平潭综合实验金井湾海峡如意城帝景苑12号楼3001室"",""angle"":0,""business"":""进出口保理业务;国内及离岸保理业务;销售分户(分类)账管理;写商业保理相关的咨询服务。(以上均不含金融、证券、保险、期货等需审批的项目)(依法须经批准的项目,经相关部门批准后方可开展经营活动)"",""capital"":""伍仟万圆整"",""captial"":""伍仟万圆整"",""companyForm"":""FailInRecognition"",""config_str"":""{}"",""emblem"":{""height"":99,""left"":632,""top"":3,""width"":198},""establish_date"":""20181106"",""is_gray"":false,""name"":""盈众商业保理(平潭)有限公司"",""person"":""胡明钊"",""qrcode"":{""height"":96,""left"":1134,""top"":163,""width"":97},""reg_num"":""91350128MA327RP99H"",""request_id"":""C1A198D4-3F12-4E6D-96FD-855000BC5883"",""stamp"":{""height"":160,""left"":1173,""top"":609,""width"":154},""stamps"":[{""height"":160,""left"":1173,""top"":609,""width"":154}],""success"":true,""title"":{""height"":133,""left"":439,""top"":140,""width"":584},""type"":""有限责任公司"",""valid_period"":""29991231""}",true,2023-02-15 10:16:13.429,2023-03-07 03:30:34.684
31,1,912,330,,,65,ALY-ALYSC-SFZEYSYZ,身份证二要素验证,normal,http://dfidveri.market.alicloudapi.com/verify_id_name,POST,urlencoded,"galaxy.external.api.auth.kv,2","","","{""name"": ""徐宁"", ""id_number"": ""410203198207281018""}",,"{""status"":""OK"",""state"":1,""result_code"":1,""result_message"":""一致"",""request_id"":""TID24aeace8ab724d7395ca72882410f20f""}",true,2023-02-15 10:22:12.255,2023-03-07 03:29:45.388
