"id","name","type","params_definition"
1,天眼查token参数,auth,"[{""name"": ""Authorization"", ""type"": ""char"", ""string"": ""token"", ""default"": """"}]"
2,天眼查接口参数（社会统一信用代码或公司名称）,request,"[{""name"": ""keyword"", ""type"": ""char"", ""string"": ""keyword"", ""default"": """"}]"
3,天眼查请求头参数,request,"[{""name"": ""Authorization"", ""type"": ""char"", ""string"": ""token"", ""default"": """"}]"
4,企业基本信息字段定义,response,"[{""name"": ""name"", ""type"": ""char"", ""string"": ""营业执照名称"", ""default"": """", ""view_in_kanban"": true}, {""name"": ""creditCode"", ""type"": ""char"", ""string"": ""社会统一信用代码"", ""default"": """", ""view_in_kanban"": true}, {""name"": ""legalPersonName"", ""type"": ""char"", ""string"": ""法人代表"", ""default"": """", ""view_in_kanban"": true}, {""name"": ""fromTime"", ""type"": ""integer"", ""string"": ""注册时间"", ""default"": false, ""view_in_kanban"": true}, {""name"": ""regLocation"", ""type"": ""char"", ""string"": ""注册地址"", ""default"": """", ""view_in_kanban"": true}, {""name"": ""regCapital"", ""type"": ""char"", ""string"": ""注册资本"", ""default"": """", ""view_in_kanban"": true}, {""name"": ""actualCapital"", ""type"": ""char"", ""string"": ""实缴资本"", ""default"": """", ""view_in_kanban"": true}, {""name"": ""regInstitute"", ""type"": ""char"", ""string"": ""登记机关"", ""default"": """", ""view_in_kanban"": true}, {""name"": ""regStatus"", ""type"": ""char"", ""string"": ""企业状态"", ""default"": """", ""view_in_kanban"": true}, {""name"": ""businessScope"", ""type"": ""char"", ""string"": ""经营范围"", ""default"": """", ""view_in_kanban"": true}]"
5,企业主要人员字段定义,response,"[{""name"": ""chairman"", ""type"": ""char"", ""string"": ""董事长/执行董事"", ""default"": """", ""view_in_kanban"": true}, {""name"": ""president"", ""type"": ""char"", ""string"": ""总经理"", ""default"": false, ""view_in_kanban"": true}, {""name"": ""supervisor"", ""type"": ""char"", ""string"": ""监事"", ""default"": """", ""view_in_kanban"": true}]"
6,企业股东字段定义,response,"[{""name"": ""name"", ""type"": ""char"", ""string"": ""姓名"", ""default"": """", ""view_in_kanban"": true}, {""name"": ""capital_amomon"", ""type"": ""char"", ""string"": ""认缴金额"", ""default"": """", ""view_in_kanban"": true}, {""name"": ""capital_percent"", ""type"": ""char"", ""string"": ""认缴比例"", ""default"": """", ""view_in_kanban"": true}, {""name"": ""capitalActl_amomon"", ""type"": ""char"", ""string"": ""实缴金额"", ""default"": """", ""view_in_kanban"": true}, {""name"": ""capitalActl_percent"", ""type"": ""char"", ""string"": ""实缴比例"", ""default"": """", ""view_in_kanban"": true}]"
7,企业股东认缴额字段定义,response,"[{""name"": ""amomon"", ""type"": ""char"", ""string"": ""金额"", ""default"": """", ""view_in_kanban"": true}, {""name"": ""percent"", ""type"": ""char"", ""string"": ""出资比例"", ""default"": """"}]"
8,企业股东实缴额字段定义,response,"[{""name"": ""amomon"", ""type"": ""char"", ""string"": ""金额"", ""default"": """", ""view_in_kanban"": true}, {""name"": ""percent"", ""type"": ""char"", ""string"": ""出资比例"", ""default"": """"}]"
9,企业历史主要人员字段定义,response,"[{""name"": ""name"", ""type"": ""char"", ""string"": ""姓名"", ""default"": """", ""view_in_kanban"": true}]"
10,企业对外投资字段定义,response,"[{""name"": ""name"", ""type"": ""char"", ""string"": ""姓名"", ""default"": """", ""view_in_kanban"": true}, {""name"": ""creditCode"", ""type"": ""char"", ""string"": ""社会统一信用代码"", ""default"": """", ""view_in_kanban"": true}, {""name"": ""regStatus"", ""type"": ""char"", ""string"": ""企业状态"", ""default"": """", ""view_in_kanban"": true}, {""name"": ""percent"", ""type"": ""char"", ""string"": ""投资占比"", ""default"": """", ""view_in_kanban"": true}]"
11,企业分支机构字段定义,response,"[{""name"": ""name"", ""type"": ""char"", ""string"": ""姓名"", ""default"": """", ""view_in_kanban"": true}, {""name"": ""regStatus"", ""type"": ""char"", ""string"": ""企业状态"", ""default"": """", ""view_in_kanban"": true}]"
12,企业司法协助字段定义,response,"[{""name"": ""executedPerson"", ""type"": ""char"", ""string"": ""被执行人姓名"", ""default"": """", ""view_in_kanban"": true}, {""name"": ""equityAmount"", ""type"": ""char"", ""string"": ""股权数额"", ""default"": """", ""view_in_kanban"": true}, {""name"": ""executiveCourt"", ""type"": ""char"", ""string"": ""执行法院"", ""default"": """", ""view_in_kanban"": true}, {""name"": ""executeNoticeNum"", ""type"": ""char"", ""string"": ""执行通知书文号"", ""default"": """", ""view_in_kanban"": true}, {""name"": ""typeState"", ""type"": ""char"", ""string"": ""类型|状态"", ""default"": """", ""view_in_kanban"": true}]"
13,被执行人字段定义,response,"[{""name"": ""pname"", ""type"": ""char"", ""string"": ""被执行人名称"", ""default"": """", ""view_in_kanban"": true}, {""name"": ""caseCode"", ""type"": ""char"", ""string"": ""案号"", ""default"": """", ""view_in_kanban"": true}, {""name"": ""execCourtName"", ""type"": ""char"", ""string"": ""执行法院"", ""default"": """", ""view_in_kanban"": true}, {""name"": ""partyCardNum"", ""type"": ""char"", ""string"": ""身份证号／组织机构代码"", ""default"": """", ""view_in_kanban"": true}, {""name"": ""caseCreateTime"", ""type"": ""integer"", ""string"": ""创建时间"", ""default"": false, ""view_in_kanban"": true}, {""name"": ""execMoney"", ""type"": ""char"", ""string"": ""执行标的（元）"", ""default"": """", ""view_in_kanban"": true}]"
14,企业失信被执行人字段定义,response,"[{""name"": ""iname"", ""type"": ""char"", ""string"": ""失信被执行人"", ""default"": """", ""view_in_kanban"": true}, {""name"": ""gistunit"", ""type"": ""char"", ""string"": ""决定机关名称"", ""default"": """", ""view_in_kanban"": true}, {""name"": ""publishdate"", ""type"": ""integer"", ""string"": ""公示日期"", ""default"": false, ""view_in_kanban"": true}, {""name"": ""gistid"", ""type"": ""char"", ""string"": ""执行依据文号"", ""default"": """", ""view_in_kanban"": true}, {""name"": ""regdate"", ""type"": ""integer"", ""string"": ""立案时间"", ""default"": false, ""view_in_kanban"": true}, {""name"": ""areaname"", ""type"": ""char"", ""string"": ""做出执行依据城市"", ""default"": """", ""view_in_kanban"": true}, {""name"": ""courtname"", ""type"": ""char"", ""string"": ""执行法院"", ""default"": """", ""view_in_kanban"": true}, {""name"": ""duty"", ""type"": ""char"", ""string"": ""生效法律履行确定文书义务"", ""default"": """", ""view_in_kanban"": true}, {""name"": ""performance"", ""type"": ""char"", ""string"": ""履行情况"", ""default"": """", ""view_in_kanban"": true}]"
15,企业判决文书字段定义,response,"[{""name"": ""caseNo"", ""type"": ""char"", ""string"": ""案号"", ""default"": """", ""view_in_kanban"": true}, {""name"": ""caseType"", ""type"": ""char"", ""string"": ""案件类型"", ""default"": """", ""view_in_kanban"": true}, {""name"": ""judgeTime"", ""type"": ""char"", ""string"": ""裁判日期"", ""default"": """", ""view_in_kanban"": true}, {""name"": ""court"", ""type"": ""char"", ""string"": ""审理法院"", ""default"": """", ""view_in_kanban"": true}, {""name"": ""title"", ""type"": ""char"", ""string"": ""案件名称"", ""default"": """", ""view_in_kanban"": true}, {""name"": ""caseReason"", ""type"": ""char"", ""string"": ""案由"", ""default"": """", ""view_in_kanban"": true}, {""name"": ""casePersons"", ""type"": ""char"", ""string"": ""涉案方"", ""default"": """", ""view_in_kanban"": true}]"
16,企业纳税人类型,response,"[{""name"": ""taxpayerQualificationType"", ""type"": ""char"", ""string"": ""纳税人类型"", ""default"": """", ""view_in_kanban"": true}]"
17,企业微博字段定义,response,"[{""name"": ""name"", ""type"": ""char"", ""string"": ""微博名称"", ""default"": """", ""view_in_kanban"": true}, {""name"": ""href"", ""type"": ""char"", ""string"": ""URL"", ""default"": """", ""view_in_kanban"": true}]"
18,企业微信公众号字段定义,response,"[{""name"": ""title"", ""type"": ""char"", ""string"": ""公众号名称"", ""default"": """", ""view_in_kanban"": true}, {""name"": ""publicNum"", ""type"": ""char"", ""string"": ""微信公众号"", ""default"": """", ""view_in_kanban"": true}]"
19,企业资质证书字段定义,response,"[{""name"": ""certificateName"", ""type"": ""char"", ""string"": ""证书类型"", ""default"": """", ""view_in_kanban"": true}, {""name"": ""certNo"", ""type"": ""char"", ""string"": ""证书编号"", ""default"": """", ""view_in_kanban"": true}, {""name"": ""startDate"", ""type"": ""char"", ""string"": ""发证日期"", ""default"": """", ""view_in_kanban"": true}, {""name"": ""endDate"", ""type"": ""char"", ""string"": ""截止日期"", ""default"": """", ""view_in_kanban"": true}]"
20,企业供应商字段定义,response,"[{""name"": ""supplier_name"", ""type"": ""char"", ""string"": ""供应商名称"", ""default"": """", ""view_in_kanban"": true}, {""name"": ""announcement_date"", ""type"": ""integer"", ""string"": ""报告期"", ""default"": false, ""view_in_kanban"": true}, {""name"": ""supplier_graphId"", ""type"": ""integer"", ""string"": ""供应商id"", ""default"": false, ""view_in_kanban"": true}, {""name"": ""ratio"", ""type"": ""char"", ""string"": ""采购占比"", ""default"": false, ""view_in_kanban"": true}, {""name"": ""dataSource"", ""type"": ""char"", ""string"": ""数据来源"", ""default"": """", ""view_in_kanban"": true}, {""name"": ""relationship"", ""type"": ""char"", ""string"": ""关联关系"", ""default"": """", ""view_in_kanban"": true}]"
21,企业客户字段定义,response,"[{""name"": ""client_name"", ""type"": ""char"", ""string"": ""客户名称"", ""default"": """", ""view_in_kanban"": true}, {""name"": ""announcement_date"", ""type"": ""integer"", ""string"": ""报告期"", ""default"": false, ""view_in_kanban"": true}, {""name"": ""client_graphId"", ""type"": ""integer"", ""string"": ""客户id"", ""default"": false, ""view_in_kanban"": true}, {""name"": ""ratio"", ""type"": ""char"", ""string"": ""销售占比"", ""default"": """", ""view_in_kanban"": true}, {""name"": ""dataSource"", ""type"": ""char"", ""string"": ""数据来源"", ""default"": """", ""view_in_kanban"": true}, {""name"": ""relationship"", ""type"": ""char"", ""string"": ""关联关系"", ""default"": """", ""view_in_kanban"": true}]"
22,阿里云市场请求头参数,request,"[{""name"": ""Authorization"", ""type"": ""char"", ""string"": ""appcode"", ""default"": """"}]"
23,身份证识别参数,request,"[{""name"": ""image"", ""type"": ""many2one"", ""field"": ""attachment"", ""domain"": ""[(\""api_id.code\"", \""=\"", \""SFZSB\"")]"", ""string"": ""身份证照片"", ""comodel"": ""galaxy.external.api.attachment"", ""default"": false}, {""name"": ""configure"", ""type"": ""many2one"", ""field"": ""request_body_sample"", ""domain"": ""[(\""api_id.code\"", \""=\"", \""SFZSB\"")]"", ""string"": ""身份证正反面"", ""comodel"": ""galaxy.external.api.embed"", ""default"": false}]"
24,企业行政处罚字段定义,response,"[{""name"": ""punishNumber"", ""type"": ""char"", ""string"": ""决定文书号"", ""default"": """", ""view_in_kanban"": true}, {""name"": ""departmentName"", ""type"": ""char"", ""string"": ""处罚单位"", ""default"": """", ""view_in_kanban"": true}, {""name"": ""decisionDate"", ""type"": ""char"", ""string"": ""处罚日期"", ""default"": """", ""view_in_kanban"": true}, {""name"": ""reason"", ""type"": ""char"", ""string"": ""违法内容"", ""default"": """", ""view_in_kanban"": true}, {""name"": ""content"", ""type"": ""char"", ""string"": ""处罚内容"", ""default"": """", ""view_in_kanban"": true}]"
25,企业异常名录字段定义,response,"[{""name"": ""putDate"", ""type"": ""char"", ""string"": ""列入日期"", ""default"": """", ""view_in_kanban"": true}, {""name"": ""putDepartment"", ""type"": ""char"", ""string"": ""决定机关"", ""default"": """", ""view_in_kanban"": true}, {""name"": ""removeDate"", ""type"": ""char"", ""string"": ""移出日期"", ""default"": """", ""view_in_kanban"": true}, {""name"": ""removeDepartment"", ""type"": ""char"", ""string"": ""决定机关"", ""default"": """", ""view_in_kanban"": true}, {""name"": ""putReason"", ""type"": ""char"", ""string"": ""列入原因"", ""default"": """", ""view_in_kanban"": true}, {""name"": ""removeReason"", ""type"": ""char"", ""string"": ""移出原因"", ""default"": """", ""view_in_kanban"": true}]"
26,企业抵押登记字段定义,response,"[{""name"": ""regNum"", ""type"": ""char"", ""string"": ""登记编号"", ""default"": """", ""view_in_kanban"": true}, {""name"": ""regDepartment"", ""type"": ""char"", ""string"": ""登记机关"", ""default"": """", ""view_in_kanban"": true}, {""name"": ""amount"", ""type"": ""char"", ""string"": ""被担保债权数额"", ""default"": """", ""view_in_kanban"": true}, {""name"": ""status"", ""type"": ""char"", ""string"": ""状态"", ""default"": """", ""view_in_kanban"": true}, {""name"": ""regDate"", ""type"": ""char"", ""string"": ""登记日期"", ""default"": """", ""view_in_kanban"": true}, {""name"": ""people_name"", ""type"": ""char"", ""string"": ""抵押权人姓名"", ""default"": """", ""view_in_kanban"": true}]"
27,企业商标字段定义,response,"[{""name"": ""tmName"", ""type"": ""char"", ""string"": ""商标名称"", ""default"": """", ""view_in_kanban"": true}]"
28,企业专利信息字段定义,response,"[{""name"": ""patentName"", ""type"": ""char"", ""string"": ""专利名称"", ""default"": """", ""view_in_kanban"": true}]"
29,企业软件著作权字段定义,response,"[{""name"": ""fullname"", ""type"": ""char"", ""string"": ""软件著作权"", ""default"": """", ""view_in_kanban"": true}]"
30,企业作品著作权字段定义,response,"[{""name"": ""fullname"", ""type"": ""char"", ""string"": ""作品名称"", ""default"": """", ""view_in_kanban"": true}]"
31,企业网站名称字段定义,response,"[{""name"": ""webSite"", ""type"": ""char"", ""string"": ""网址"", ""default"": """", ""view_in_kanban"": true}, {""name"": ""ym"", ""type"": ""char"", ""string"": ""域名"", ""default"": """", ""view_in_kanban"": true}, {""name"": ""name"", ""type"": ""char"", ""string"": ""网站名称"", ""default"": """", ""view_in_kanban"": true}]"
32,企业网站域名字段定义,response,"[{""name"": ""ym"", ""type"": ""char"", ""string"": ""网站域名"", ""default"": """", ""view_in_kanban"": true}]"
33,百融征信请求头参数,request,"[{""name"": ""content-type"", ""type"": ""char"", ""string"": ""content-type"", ""default"": """"}]"
34,百融征信请求参数（strategyApi）,request,"[{""name"": ""idcard"", ""type"": ""char"", ""string"": ""身份证号"", ""default"": """"}, {""name"": ""mobile"", ""type"": ""char"", ""string"": ""电话"", ""default"": """"}, {""name"": ""name"", ""type"": ""char"", ""string"": ""姓名"", ""default"": """"}, {""name"": ""strategy_id"", ""type"": ""char"", ""string"": ""strategy_id"", ""default"": """"}]"
35,百融征信请求参数（infoverify）,request,"[{""name"": ""idcard"", ""type"": ""char"", ""string"": ""身份证号"", ""default"": """"}, {""name"": ""mobile"", ""type"": ""char"", ""string"": ""电话"", ""default"": """"}, {""name"": ""name"", ""type"": ""char"", ""string"": ""姓名"", ""default"": """"}, {""name"": ""conf_id"", ""type"": ""char"", ""string"": ""conf_id"", ""default"": """"}]"
36,百融验证规则详情字段定义,response,"[{""name"": ""rule"", ""type"": ""char"", ""string"": ""命中规则集"", ""default"": """", ""view_in_kanban"": true}, {""name"": ""weight"", ""type"": ""char"", ""string"": ""权重"", ""default"": """", ""view_in_kanban"": true}, {""name"": ""name_rule"", ""type"": ""char"", ""string"": ""命中规则详情"", ""default"": """", ""view_in_kanban"": true}]"
37,百融验证规则权重字段定义,response,"[{""name"": ""final_weight"", ""type"": ""char"", ""string"": ""权重"", ""default"": ""0"", ""view_in_kanban"": true}]"
38,百融自然人识别字段定义,response,"[{""name"": ""person_check_item"", ""type"": ""char"", ""string"": ""校验项"", ""default"": ""身份证号、姓名、手机号"", ""view_in_kanban"": true}, {""name"": ""result"", ""type"": ""char"", ""string"": ""校验结果"", ""default"": """", ""view_in_kanban"": true}]"
39,百融身份证二要素验证字段定义,response,"[{""name"": ""person_check_item"", ""type"": ""char"", ""string"": ""校验项"", ""default"": """", ""view_in_kanban"": true}, {""name"": ""result"", ""type"": ""char"", ""string"": ""校验结果"", ""default"": ""未查询到结果"", ""view_in_kanban"": true}]"
40,百融手机三要素字段定义,response,"[{""name"": ""person_check_item"", ""type"": ""char"", ""string"": ""校验项"", ""default"": """", ""view_in_kanban"": true}, {""name"": ""result"", ""type"": ""char"", ""string"": ""校验结果"", ""default"": ""未查询到结果"", ""view_in_kanban"": true}]"
41,百融手机信息验证字段定义,response,"[{""name"": ""operation"", ""type"": ""char"", ""string"": ""运营商"", ""default"": """", ""view_in_kanban"": true}, {""name"": ""status"", ""type"": ""char"", ""string"": ""手机在网状态"", ""default"": """", ""view_in_kanban"": true}, {""name"": ""value"", ""type"": ""char"", ""string"": ""手机在网时长"", ""default"": """", ""view_in_kanban"": true}, {""name"": ""tel_consumption_level"", ""type"": ""char"", ""string"": ""手机消费档次"", ""default"": ""-"", ""view_in_kanban"": true}]"
42,百融法院信息详情——个人高级版字段定义,response,"[{""name"": ""dataType"", ""type"": ""char"", ""string"": ""查询项目"", ""default"": ""-"", ""view_in_kanban"": true}, {""name"": ""pname"", ""type"": ""char"", ""string"": ""被执行人姓名"", ""default"": ""-"", ""view_in_kanban"": true}, {""name"": ""idcardNo"", ""type"": ""char"", ""string"": ""身份证号"", ""default"": ""-"", ""view_in_kanban"": true}, {""name"": ""caseNo"", ""type"": ""char"", ""string"": ""案号"", ""default"": ""-"", ""view_in_kanban"": true}, {""name"": ""court"", ""type"": ""char"", ""string"": ""执行法院名称"", ""default"": ""-"", ""view_in_kanban"": true}, {""name"": ""sortTimeString"", ""type"": ""char"", ""string"": ""立案时间"", ""default"": ""-"", ""view_in_kanban"": true}, {""name"": ""execMoney"", ""type"": ""char"", ""string"": ""执行标的"", ""default"": false, ""view_in_kanban"": true}, {""name"": ""body"", ""type"": ""char"", ""string"": ""内容概要"", ""default"": ""-"", ""view_in_kanban"": true}, {""name"": ""whfx"", ""type"": ""char"", ""string"": ""未还/罚息"", ""default"": ""-"", ""view_in_kanban"": true}, {""name"": ""bjbx"", ""type"": ""char"", ""string"": ""本金/本息"", ""default"": ""-"", ""view_in_kanban"": true}, {""name"": ""caseState"", ""type"": ""char"", ""string"": ""案件状态"", ""default"": ""-"", ""view_in_kanban"": true}, {""name"": ""matchRatio"", ""type"": ""float"", ""string"": ""个人匹配度"", ""default"": 0, ""view_in_kanban"": true}]"
43,百融反欺诈规则权重字段定义,response,"[{""name"": ""weight"", ""type"": ""char"", ""string"": ""反欺诈规则"", ""default"": ""0"", ""view_in_kanban"": true}]"
44,百融反欺诈评分字段定义,response,"[{""name"": ""scoreafrevoloan"", ""type"": ""char"", ""string"": ""反欺诈评分"", ""default"": ""0"", ""view_in_kanban"": true}]"
45,百融信用评分字段定义,response,"[{""name"": ""scorerevoloan"", ""type"": ""char"", ""string"": ""信用评分"", ""default"": ""0"", ""view_in_kanban"": true}]"
46,百融测评结果字段定义,response,"[{""name"": ""final_decision"", ""type"": ""char"", ""string"": ""测评结果"", ""default"": ""-"", ""view_in_kanban"": true}]"
47,百融反欺诈规则详情字段定义,response,"[{""name"": ""rule"", ""type"": ""char"", ""string"": ""命中规则集"", ""default"": """", ""view_in_kanban"": true}, {""name"": ""weight"", ""type"": ""char"", ""string"": ""权重"", ""default"": """", ""view_in_kanban"": true}, {""name"": ""name_rule"", ""type"": ""char"", ""string"": ""命中规则详情"", ""default"": """", ""view_in_kanban"": true}]"
48,百融手机号归属地字段定义,response,"[{""name"": ""phone_address"", ""type"": ""char"", ""string"": ""手机号归属地"", ""default"": """", ""view_in_kanban"": true}]"
49,百融法院被执行人——个人版信息字段定义,response,"[{""name"": ""name"", ""type"": ""char"", ""string"": ""姓名"", ""default"": ""-"", ""view_in_kanban"": true}, {""name"": ""cid"", ""type"": ""char"", ""string"": ""身份证号"", ""default"": ""-"", ""view_in_kanban"": true}, {""name"": ""datatime"", ""type"": ""char"", ""string"": ""案件发生时间"", ""default"": ""-"", ""view_in_kanban"": true}, {""name"": ""datatype"", ""type"": ""char"", ""string"": ""案件类型"", ""default"": ""-"", ""view_in_kanban"": true}, {""name"": ""casenum"", ""type"": ""char"", ""string"": ""案号"", ""default"": ""-"", ""view_in_kanban"": true}, {""name"": ""money"", ""type"": ""char"", ""string"": ""标的"", ""default"": ""-"", ""view_in_kanban"": true}, {""name"": ""performance"", ""type"": ""char"", ""string"": ""履行情况"", ""default"": ""-"", ""view_in_kanban"": true}, {""name"": ""statute"", ""type"": ""char"", ""string"": ""案件状态"", ""default"": ""-"", ""view_in_kanban"": true}, {""name"": ""time"", ""type"": ""char"", ""string"": ""立案时间"", ""default"": ""-"", ""view_in_kanban"": true}]"
50,百融法院被执行人——高级版字段定义,response,"[{""name"": ""name"", ""type"": ""char"", ""string"": ""姓名"", ""default"": """", ""view_in_kanban"": true}, {""name"": ""datatype"", ""type"": ""char"", ""string"": ""数据类型"", ""default"": """", ""view_in_kanban"": true}, {""name"": ""casenum"", ""type"": ""char"", ""string"": ""案号"", ""default"": ""-"", ""view_in_kanban"": true}, {""name"": ""caseCause"", ""type"": ""char"", ""string"": ""案由"", ""default"": ""-"", ""view_in_kanban"": true}, {""name"": ""court"", ""type"": ""char"", ""string"": ""法院名称"", ""default"": ""-"", ""view_in_kanban"": true}, {""name"": ""time"", ""type"": ""char"", ""string"": ""立案时间"", ""default"": ""-"", ""view_in_kanban"": true}, {""name"": ""money"", ""type"": ""char"", ""string"": ""金额"", ""default"": ""-"", ""view_in_kanban"": true}, {""name"": ""performance"", ""type"": ""char"", ""string"": ""履行情况"", ""default"": ""-"", ""view_in_kanban"": true}, {""name"": ""statute"", ""type"": ""char"", ""string"": ""案件状态"", ""default"": ""-"", ""view_in_kanban"": true}, {""name"": ""eventLevel"", ""type"": ""char"", ""string"": ""五级分类"", ""default"": ""-"", ""view_in_kanban"": true}, {""name"": ""matchRatio"", ""type"": ""char"", ""string"": ""个人匹配度"", ""default"": ""-"", ""view_in_kanban"": true}]"
51,百融法院裁判文书字段定义,response,"[{""name"": ""name"", ""type"": ""char"", ""string"": ""查询人姓名"", ""default"": """", ""view_in_kanban"": true}, {""name"": ""body"", ""type"": ""char"", ""string"": ""内容"", ""default"": """", ""view_in_kanban"": true}, {""name"": ""caseCause"", ""type"": ""char"", ""string"": ""案由"", ""default"": """", ""view_in_kanban"": true}, {""name"": ""caseNo"", ""type"": ""char"", ""string"": ""案号"", ""default"": """", ""view_in_kanban"": true}, {""name"": ""court"", ""type"": ""char"", ""string"": ""法院名称"", ""default"": """", ""view_in_kanban"": true}, {""name"": ""judgeResult"", ""type"": ""char"", ""string"": ""判决结果"", ""default"": """", ""view_in_kanban"": true}, {""name"": ""sortTimeString"", ""type"": ""char"", ""string"": ""审结时间"", ""default"": """", ""view_in_kanban"": true}, {""name"": ""trialProcedure"", ""type"": ""char"", ""string"": ""审理程序"", ""default"": """", ""view_in_kanban"": true}, {""name"": ""foundation"", ""type"": ""char"", ""string"": ""依据"", ""default"": """", ""view_in_kanban"": true}, {""name"": ""courtRank"", ""type"": ""char"", ""string"": ""法院等级"", ""default"": """", ""view_in_kanban"": true}, {""name"": ""eventLevel"", ""type"": ""char"", ""string"": ""五级分类"", ""default"": """", ""view_in_kanban"": true}, {""name"": ""caseTypeS"", ""type"": ""char"", ""string"": ""文书类型"", ""default"": """", ""view_in_kanban"": true}, {""name"": ""matchRatio"", ""type"": ""char"", ""string"": ""匹配度"", ""default"": """", ""view_in_kanban"": true}, {""name"": ""pname"", ""type"": ""char"", ""string"": ""当事人名称"", ""default"": """", ""view_in_kanban"": true}, {""name"": ""partyType"", ""type"": ""char"", ""string"": ""当事人类型"", ""default"": """", ""view_in_kanban"": true}, {""name"": ""partyPosition"", ""type"": ""char"", ""string"": ""当事人立场"", ""default"": """", ""view_in_kanban"": true}, {""name"": ""partyTitle"", ""type"": ""char"", ""string"": ""当事人称号"", ""default"": """", ""view_in_kanban"": true}, {""name"": ""partyFee"", ""type"": ""char"", ""string"": ""判决金额"", ""default"": """", ""view_in_kanban"": true}, {""name"": ""partyResult"", ""type"": ""char"", ""string"": ""结果"", ""default"": """", ""view_in_kanban"": true}]"
52,百融法院被执行人——限高版字段定义,response,"[{""name"": ""iname"", ""type"": ""char"", ""string"": ""姓名"", ""default"": """", ""view_in_kanban"": true}, {""name"": ""datatype"", ""type"": ""char"", ""string"": ""数据类型"", ""default"": """", ""view_in_kanban"": true}, {""name"": ""sexname"", ""type"": ""char"", ""string"": ""性别"", ""default"": """", ""view_in_kanban"": true}, {""name"": ""age"", ""type"": ""char"", ""string"": ""年龄"", ""default"": """", ""view_in_kanban"": true}, {""name"": ""casecode"", ""type"": ""char"", ""string"": ""案号"", ""default"": """", ""view_in_kanban"": true}, {""name"": ""courtname"", ""type"": ""char"", ""string"": ""执行法院"", ""default"": """", ""view_in_kanban"": true}, {""name"": ""publishdate"", ""type"": ""char"", ""string"": ""发布时间"", ""default"": """", ""view_in_kanban"": true}, {""name"": ""regdate"", ""type"": ""char"", ""string"": ""立案时间"", ""default"": """", ""view_in_kanban"": true}]"
53,百融特殊名单验证字段定义,response,"[{""name"": ""name"", ""type"": ""char"", ""string"": ""命中特殊名单"", ""default"": """", ""view_in_kanban"": true}, {""name"": ""value"", ""type"": ""char"", ""string"": ""取值结果"", ""default"": ""-"", ""view_in_kanban"": true}]"
54,百融借贷意向验证——本人在本机构借贷意向表现字段定义,response,"[{""name"": ""name"", ""type"": ""char"", ""string"": ""申请次数"", ""default"": """", ""view_in_kanban"": true}, {""name"": ""d7"", ""type"": ""char"", ""string"": ""近7天"", ""default"": """", ""view_in_kanban"": true}, {""name"": ""d15"", ""type"": ""char"", ""string"": ""近15天"", ""default"": """", ""view_in_kanban"": true}, {""name"": ""m1"", ""type"": ""char"", ""string"": ""近1个月"", ""default"": """", ""view_in_kanban"": true}, {""name"": ""m3"", ""type"": ""char"", ""string"": ""近3个月"", ""default"": """", ""view_in_kanban"": true}, {""name"": ""m6"", ""type"": ""char"", ""string"": ""近6个月"", ""default"": """", ""view_in_kanban"": true}, {""name"": ""m12"", ""type"": ""char"", ""string"": ""近12个月"", ""default"": """", ""view_in_kanban"": true}]"
55,百融借贷意向验证——本人在各个客户类型借贷意向表现字段定义,response,"[{""name"": ""name"", ""type"": ""char"", ""string"": ""客户类型"", ""default"": """", ""view_in_kanban"": true}, {""name"": ""type"", ""type"": ""char"", ""string"": ""汇总类型"", ""default"": """", ""view_in_kanban"": true}, {""name"": ""allnum_d7"", ""type"": ""char"", ""string"": ""机构数"", ""default"": """", ""view_in_kanban"": true}, {""name"": ""orgnum_d7"", ""type"": ""char"", ""string"": ""次数"", ""default"": """", ""view_in_kanban"": true}, {""name"": ""allnum_d15"", ""type"": ""char"", ""string"": ""机构数"", ""default"": """", ""view_in_kanban"": true}, {""name"": ""orgnum_d15"", ""type"": ""char"", ""string"": ""次数"", ""default"": """", ""view_in_kanban"": true}, {""name"": ""allnum_m1"", ""type"": ""char"", ""string"": ""机构数"", ""default"": """", ""view_in_kanban"": true}, {""name"": ""orgnum_m1"", ""type"": ""char"", ""string"": ""次数"", ""default"": """", ""view_in_kanban"": true}, {""name"": ""allnum_m3"", ""type"": ""char"", ""string"": ""机构数"", ""default"": """", ""view_in_kanban"": true}, {""name"": ""orgnum_m3"", ""type"": ""char"", ""string"": ""次数"", ""default"": """", ""view_in_kanban"": true}, {""name"": ""allnum_m6"", ""type"": ""char"", ""string"": ""机构数"", ""default"": """", ""view_in_kanban"": true}, {""name"": ""orgnum_m6"", ""type"": ""char"", ""string"": ""次数"", ""default"": """", ""view_in_kanban"": true}, {""name"": ""allnum_m12"", ""type"": ""char"", ""string"": ""机构数"", ""default"": """", ""view_in_kanban"": true}, {""name"": ""orgnum_m12"", ""type"": ""char"", ""string"": ""次数"", ""default"": """", ""view_in_kanban"": true}]"
56,百融借贷意向验证——本人在各个业务类型借贷意向表现字段定义,response,"[{""name"": ""name"", ""type"": ""char"", ""string"": ""业务类型"", ""default"": """", ""view_in_kanban"": true}, {""name"": ""allnum_d7"", ""type"": ""char"", ""string"": ""机构数"", ""default"": """", ""view_in_kanban"": true}, {""name"": ""orgnum_d7"", ""type"": ""char"", ""string"": ""次数"", ""default"": """", ""view_in_kanban"": true}, {""name"": ""allnum_d15"", ""type"": ""char"", ""string"": ""机构数"", ""default"": """", ""view_in_kanban"": true}, {""name"": ""orgnum_d15"", ""type"": ""char"", ""string"": ""次数"", ""default"": """", ""view_in_kanban"": true}, {""name"": ""allnum_m1"", ""type"": ""char"", ""string"": ""机构数"", ""default"": """", ""view_in_kanban"": true}, {""name"": ""orgnum_m1"", ""type"": ""char"", ""string"": ""次数"", ""default"": """", ""view_in_kanban"": true}, {""name"": ""allnum_m3"", ""type"": ""char"", ""string"": ""机构数"", ""default"": """", ""view_in_kanban"": true}, {""name"": ""orgnum_m3"", ""type"": ""char"", ""string"": ""次数"", ""default"": """", ""view_in_kanban"": true}, {""name"": ""allnum_m6"", ""type"": ""char"", ""string"": ""机构数"", ""default"": """", ""view_in_kanban"": true}, {""name"": ""orgnum_m6"", ""type"": ""char"", ""string"": ""次数"", ""default"": """", ""view_in_kanban"": true}, {""name"": ""allnum_m12"", ""type"": ""char"", ""string"": ""机构数"", ""default"": """", ""view_in_kanban"": true}, {""name"": ""orgnum_m12"", ""type"": ""char"", ""string"": ""次数"", ""default"": """", ""view_in_kanban"": true}]"
57,百融借贷意向验证——本人在异常时间段借贷意向表现字段定义,response,"[{""name"": ""name"", ""type"": ""char"", ""string"": ""时间-机构"", ""default"": """", ""view_in_kanban"": true}, {""name"": ""allnum_d7"", ""type"": ""char"", ""string"": ""机构数"", ""default"": """", ""view_in_kanban"": true}, {""name"": ""orgnum_d7"", ""type"": ""char"", ""string"": ""次数"", ""default"": """", ""view_in_kanban"": true}, {""name"": ""allnum_d15"", ""type"": ""char"", ""string"": ""机构数"", ""default"": """", ""view_in_kanban"": true}, {""name"": ""orgnum_d15"", ""type"": ""char"", ""string"": ""次数"", ""default"": """", ""view_in_kanban"": true}, {""name"": ""allnum_m1"", ""type"": ""char"", ""string"": ""机构数"", ""default"": """", ""view_in_kanban"": true}, {""name"": ""orgnum_m1"", ""type"": ""char"", ""string"": ""次数"", ""default"": """", ""view_in_kanban"": true}, {""name"": ""allnum_m3"", ""type"": ""char"", ""string"": ""机构数"", ""default"": """", ""view_in_kanban"": true}, {""name"": ""orgnum_m3"", ""type"": ""char"", ""string"": ""次数"", ""default"": """", ""view_in_kanban"": true}, {""name"": ""allnum_m6"", ""type"": ""char"", ""string"": ""机构数"", ""default"": """", ""view_in_kanban"": true}, {""name"": ""orgnum_m6"", ""type"": ""char"", ""string"": ""次数"", ""default"": """", ""view_in_kanban"": true}, {""name"": ""allnum_m12"", ""type"": ""char"", ""string"": ""机构数"", ""default"": """", ""view_in_kanban"": true}, {""name"": ""orgnum_m12"", ""type"": ""char"", ""string"": ""次数"", ""default"": """", ""view_in_kanban"": true}]"
58,百融借贷风险勘测字段定义,response,"[{""name"": ""name"", ""type"": ""char"", ""string"": ""字段详情/时间维度"", ""default"": """", ""view_in_kanban"": true}, {""name"": ""allnum_d7"", ""type"": ""char"", ""string"": ""机构数"", ""default"": """", ""view_in_kanban"": true}, {""name"": ""orgnum_d7"", ""type"": ""char"", ""string"": ""次数"", ""default"": """", ""view_in_kanban"": true}, {""name"": ""allnum_d15"", ""type"": ""char"", ""string"": ""机构数"", ""default"": """", ""view_in_kanban"": true}, {""name"": ""orgnum_d15"", ""type"": ""char"", ""string"": ""次数"", ""default"": """", ""view_in_kanban"": true}, {""name"": ""allnum_m1"", ""type"": ""char"", ""string"": ""机构数"", ""default"": """", ""view_in_kanban"": true}, {""name"": ""orgnum_m1"", ""type"": ""char"", ""string"": ""次数"", ""default"": """", ""view_in_kanban"": true}, {""name"": ""allnum_m3"", ""type"": ""char"", ""string"": ""机构数"", ""default"": """", ""view_in_kanban"": true}, {""name"": ""orgnum_m3"", ""type"": ""char"", ""string"": ""次数"", ""default"": """", ""view_in_kanban"": true}, {""name"": ""allnum_m6"", ""type"": ""char"", ""string"": ""机构数"", ""default"": """", ""view_in_kanban"": true}, {""name"": ""orgnum_m6"", ""type"": ""char"", ""string"": ""次数"", ""default"": """", ""view_in_kanban"": true}, {""name"": ""allnum_m12"", ""type"": ""char"", ""string"": ""机构数"", ""default"": """", ""view_in_kanban"": true}, {""name"": ""orgnum_m12"", ""type"": ""char"", ""string"": ""次数"", ""default"": """", ""view_in_kanban"": true}]"
59,百融借贷行为验证——近期非银机构借贷情况字段定义,response,"[{""name"": ""name"", ""type"": ""char"", ""string"": ""字段详情/时间维度"", ""default"": """", ""view_in_kanban"": true}, {""name"": ""m1"", ""type"": ""char"", ""string"": ""近1月"", ""default"": """", ""view_in_kanban"": true}, {""name"": ""m3"", ""type"": ""char"", ""string"": ""近3月"", ""default"": """", ""view_in_kanban"": true}, {""name"": ""m6"", ""type"": ""char"", ""string"": ""近6月"", ""default"": """", ""view_in_kanban"": true}, {""name"": ""m9"", ""type"": ""char"", ""string"": ""近9月"", ""default"": """", ""view_in_kanban"": true}, {""name"": ""m12"", ""type"": ""char"", ""string"": ""近12月"", ""default"": """", ""view_in_kanban"": true}]"
60,百融借贷行为验证——历史非银机构借贷情况字段定义,response,"[{""name"": ""name"", ""type"": ""char"", ""string"": ""字段详情/时间维度"", ""default"": """", ""view_in_kanban"": true}, {""name"": ""m1"", ""type"": ""char"", ""string"": ""当前"", ""default"": """", ""view_in_kanban"": true}, {""name"": ""m2"", ""type"": ""char"", ""string"": ""1月前"", ""default"": """", ""view_in_kanban"": true}, {""name"": ""m3"", ""type"": ""char"", ""string"": ""2月前"", ""default"": """", ""view_in_kanban"": true}, {""name"": ""m4"", ""type"": ""char"", ""string"": ""3月前"", ""default"": """", ""view_in_kanban"": true}, {""name"": ""m5"", ""type"": ""char"", ""string"": ""4月前"", ""default"": """", ""view_in_kanban"": true}, {""name"": ""m6"", ""type"": ""char"", ""string"": ""5月前"", ""default"": """", ""view_in_kanban"": true}, {""name"": ""m7"", ""type"": ""char"", ""string"": ""6月前"", ""default"": """", ""view_in_kanban"": true}, {""name"": ""m8"", ""type"": ""char"", ""string"": ""7月前"", ""default"": """", ""view_in_kanban"": true}, {""name"": ""m9"", ""type"": ""char"", ""string"": ""8月前"", ""default"": """", ""view_in_kanban"": true}, {""name"": ""m10"", ""type"": ""char"", ""string"": ""9月前"", ""default"": """", ""view_in_kanban"": true}, {""name"": ""m11"", ""type"": ""char"", ""string"": ""10月前"", ""default"": """", ""view_in_kanban"": true}, {""name"": ""m12"", ""type"": ""char"", ""string"": ""11月前"", ""default"": """", ""view_in_kanban"": true}]"
61,百融申请信息评估字段定义,response,"[{""name"": ""name"", ""type"": ""char"", ""string"": ""命中申请信息"", ""default"": """", ""view_in_kanban"": true}, {""name"": ""result"", ""type"": ""char"", ""string"": ""取值结果"", ""default"": ""-"", ""view_in_kanban"": true}]"
62,百融团伙欺诈排查-通用版字段定义,response,"[{""name"": ""list_level"", ""type"": ""char"", ""string"": ""欺诈团伙等级"", ""default"": ""-"", ""view_in_kanban"": true}, {""name"": ""group_num"", ""type"": ""char"", ""string"": ""欺诈团伙群组规模"", ""default"": ""-"", ""view_in_kanban"": true}]"
63,百融偿债压力指数字段定义,response,"[{""name"": ""nodebtscore"", ""type"": ""char"", ""string"": ""偿债压力指数"", ""default"": ""-"", ""view_in_kanban"": true}]"
64,营业执照识别参数,request,"[{""name"": ""image"", ""type"": ""many2one"", ""field"": ""attachment"", ""domain"": ""[(\""api_id.code\"", \""=\"", \""YYZZXXSB\"")]"", ""string"": ""营业执照"", ""comodel"": ""galaxy.external.api.attachment"", ""default"": false}]"
65,身份证二要素验证参数,request,"[{""name"": ""id_number"", ""type"": ""char"", ""string"": ""身份证号"", ""default"": """"}, {""name"": ""name"", ""type"": ""char"", ""string"": ""姓名"", ""default"": """"}]"
66,身份证正反面参数,request,"[{""name"": ""side"", ""type"": ""char"", ""string"": ""身份证正反面"", ""default"": """"}]"
